frame_idx,team_0_possession,team_1_possession,team_0_centroid_x,team_0_centroid_y,team_0_spread,team_1_centroid_x,team_1_centroid_y,team_1_spread
0,True,False,6021.564697265625,3748.286669921875,1529.2336630252394,5398.093115234375,3425.4584716796876,1123.035011760218
1,True,False,6021.57875622623,3747.5817099635533,1529.25071786253,5398.128495725114,3424.648290338194,1122.9998985452662
2,True,False,6021.515974373526,3752.1310218314256,1529.4003106820464,5398.80014810524,3427.8521720658914,1122.0105763575516
3,True,False,6020.756619585726,3758.7345218518813,1530.2167170572488,5399.343278660807,3433.9926303657876,1123.1736768516428
4,True,False,6018.975847265481,3760.779044614821,1531.5141760651381,5399.773259434062,3435.590760827322,1124.9315276598113
5,True,False,6016.28184374693,3759.9617494269287,1534.4316352453106,5399.123058354371,3429.937231309432,1125.234244618125
6,True,False,6013.469707288985,3766.5363732819096,1536.9318563441684,5399.624541091912,3432.4276521373904,1124.8489762029558
7,True,False,6077.6476273494445,3827.025811983837,1618.5816571545865,5401.278753411825,3417.7483721927315,1032.0051968307384
8,True,False,6075.968928478049,3835.3658115480157,1623.838011648058,5400.872630496787,3419.331938308812,1031.0053410444334
9,True,False,6074.059312755531,3844.6371925680996,1628.2287935266213,5400.9827514297385,3423.410337409688,1029.7502098769846
10,True,False,6072.215426390932,3852.9639027573958,1630.168281482448,5401.86866514046,3428.57789960272,1030.1524384034726
11,True,False,6070.111965242343,3863.871251237241,1630.7436721667418,5402.367114861136,3437.5917928509225,1031.092801010037
12,True,False,6240.845840449952,3850.5772164880104,1607.6108907215778,5342.719697962848,3499.3515418481325,1033.5562372235875
13,True,False,6064.275103935033,3890.1128451809254,1630.733492229759,5403.376548656858,3460.555402219535,1034.0402873758223
14,True,False,6060.587790103219,3904.053945641108,1632.2028517041915,5405.3083879803025,3474.6618791608194,1036.9351731967647
15,True,False,5989.307745163388,3861.0132099338457,1559.0042122584393,5410.101774514094,3501.918693279684,1132.8496217528827
16,True,False,5985.385612494765,3862.946858255177,1566.185090318618,5412.435308917615,3516.8557047659515,1135.4119338244818
17,True,False,5981.335235383831,3860.568933911799,1574.9725298405162,5414.48978492965,3529.2405229680357,1139.0918210389827
18,True,False,5977.66153843026,3856.8925840572347,1582.693031535467,5416.35687568204,3538.2136833883246,1143.7796053915222
19,True,False,5974.880062925897,3856.661404162448,1586.9693870119963,5417.66245838666,3545.87434937349,1148.5190690900918
20,True,False,5972.6715880945385,3858.1969218106788,1588.7869140433797,5418.888641479186,3553.9673170879055,1152.3554087745583
21,True,False,5970.395947034571,3860.8909202834993,1589.5763955160753,5419.735697379165,3559.928331887437,1156.412851675809
22,True,False,5967.743807910563,3866.104693166889,1589.8026914916525,5420.027979853319,3565.880766906441,1159.776154726452
23,True,False,5965.160600795264,3870.870795364039,1590.5113227916736,5420.073035156978,3570.6221553417176,1162.417709193145
24,True,False,5962.580995784298,3875.337452580972,1592.5270092651876,5419.713962977121,3574.605169984918,1164.7792455763617
25,True,False,5960.04863252563,3881.3186438406074,1595.2588012091692,5419.408653805916,3580.8592143214346,1166.5114054768162
26,True,False,5957.451018696189,3888.2111000011837,1597.1251230785876,5419.225578634743,3589.9889322946883,1167.8927196373172
27,True,False,5954.900494781447,3895.3445568211805,1598.4708031911211,5418.8019805475,3600.718661906103,1169.2191028724951
28,True,False,5952.700356463245,3904.1303416825713,1599.1251935285834,5418.416779537032,3612.8608763589414,1170.9037345856927
29,True,False,5950.33566439345,3912.7555560926207,1599.0516457545486,5418.130558602257,3624.2458662686636,1172.2807703369035
30,True,False,5948.164243348228,3922.18596252613,1598.233712218873,5417.887955542629,3634.940210051659,1174.2067711172424
31,True,False,5946.129341133471,3931.619757425109,1597.029622525473,5417.496115204162,3645.5885945544533,1176.16780889449
32,True,False,5943.782754091118,3939.209531213214,1596.687077331505,5416.480476594322,3654.2859955440754,1178.6146403075804
33,True,False,5941.090981851637,3942.8615956313442,1597.0759476090698,5414.7762258750245,3661.416890846983,1180.591414276129
34,True,False,5938.7365012539985,3946.529940594147,1597.3626412434483,5412.793065645346,3670.5307232271502,1181.979032226287
35,True,False,5936.655494479458,3949.6690503933632,1597.6659921683618,5411.046163528483,3679.9258564134916,1183.3079676450247
36,True,False,5934.398489787503,3952.9713186739305,1597.8503497170368,5409.526656901895,3691.616517659758,1185.1916528312531
37,True,False,5932.141396269015,3956.3911838579284,1597.6321183605858,5407.988820977249,3701.00366537653,1186.8664332506658
38,True,False,5929.242732071077,3962.794864325093,1598.2414619253536,5406.348497241166,3713.900134978815,1188.0967253558722
39,True,False,5926.591120757757,3971.863264879738,1598.0233430225692,5405.012348629976,3728.408823175972,1189.9446694859996
40,True,False,5923.9669678245245,3979.6986337626354,1598.46499507391,5403.071692154707,3740.7175641153835,1192.2770938723002
41,True,False,5920.835338698112,3986.827741849549,1599.102411874962,5400.7399545717135,3753.0157747791245,1194.3845762219812
42,True,False,5918.0379149257005,3990.034625583069,1608.7268749091284,5391.178117335073,3756.447511158044,1200.803730729655
43,True,False,5915.196538176226,3994.572734320559,1617.1323422139997,5382.008516054568,3761.1862435242538,1206.2275306382533
44,True,False,5912.180700669957,3995.7853399373685,1624.4295615141532,5373.5695526515365,3763.395235402725,1211.6667946165362
45,True,False,5909.030256918426,3996.169874022962,1630.2903299356763,5365.946843007573,3767.4496344614113,1216.900326177398
46,True,False,5905.6200358756205,3996.3346265766036,1634.3328704185392,5359.207886938641,3771.0388718510344,1220.652531080433
47,True,False,5902.297197611397,3999.21070480925,1637.2342014795718,5353.140192840341,3777.088804413042,1223.657000438795
48,True,False,5898.713910460947,4004.2269239857,1639.158504278271,5347.095641499907,3786.531020404737,1225.0950284518815
49,True,False,5894.258252630877,4010.4430265842084,1641.6048345354066,5340.193174897309,3796.77225331198,1225.2741094840237
50,True,False,5889.885135355422,4015.5382870693043,1645.1000068989003,5333.3712221382775,3805.549785291952,1225.2012535282374
51,True,False,5885.68297357352,4019.512134280397,1647.4151681415685,5327.081956663704,3812.9089151535663,1225.0762246162435
52,True,False,5881.494755946239,4027.448161864634,1650.301141623114,5321.676240174971,3824.320261907172,1227.5696513161404
53,True,False,5877.262283556751,4037.020392946882,1651.3717416609318,5317.049577837687,3837.1080653045,1229.3709271848652
54,True,False,5872.73927301511,4046.36867993223,1652.7327410171551,5312.085984588845,3850.6371391114226,1231.3511303995137
55,True,False,5867.84690032685,4053.3563703306754,1651.8208811938603,5308.062358864367,3862.750026485703,1232.611531885637
56,True,False,5862.424540524448,4058.795966662241,1651.1454566165787,5302.35220472767,3876.2911644190617,1233.1979591422505
57,True,False,5856.839200307002,4064.4659891524584,1650.9786336183868,5296.980649100731,3889.7720478657975,1233.924382456149
58,True,False,5851.305627301223,4073.3314521121392,1651.1631020499415,5290.857410829305,3904.7584217238436,1235.4314313859818
59,True,False,5845.968813655668,4079.612702280158,1652.82864206854,5285.054755296357,3917.9263842406726,1236.1066562642109
60,True,False,5840.665553592798,4080.933047117555,1653.1283896214932,5278.958597585221,3928.131767666056,1236.755975131817
61,True,False,5834.493439926835,4078.3592937299413,1653.4135435026765,5273.483666517462,3936.342834034114,1237.5409287383816
62,True,False,5827.075824542635,4069.954881917017,1655.2667240169194,5267.561360367544,3942.316786772142,1238.783082385068
63,True,False,5819.300148251281,4061.4122083148336,1656.8968474396468,5261.643923787803,3946.8744048010876,1240.281501173827
64,True,False,5811.738376961688,4051.7647829911707,1658.8321715027755,5256.425920123374,3951.58870864388,1243.3040199504298
65,True,False,5804.603343475121,4046.1704180706015,1659.5040778316502,5251.731500796427,3961.6449215313783,1245.2956570848248
66,True,False,5798.3103031404235,4044.0267490620927,1660.0751165928184,5248.512456638753,3979.278009392952,1246.8665363725231
67,True,False,5791.697499435181,4042.4578338147685,1662.018781818299,5243.301983304235,3998.1803528026635,1249.179634413917
68,True,False,5785.708791631712,4043.646999621621,1662.553734144231,5238.6827319827735,4016.429909228786,1250.8008307890318
69,True,False,5782.276914972093,4051.5987729931812,1659.669328771018,5234.082932569106,4032.1931790481153,1253.3677443744339
70,True,False,5778.962482316591,4058.649715630064,1655.916489766491,5229.35497622267,4044.4716649691377,1255.95921930322
71,True,False,5775.75407960383,4068.782216353726,1652.656173844737,5224.333483550889,4060.075595657979,1260.0582025577921
72,True,False,5772.891363415316,4079.241915222523,1649.6507000894794,5219.095972999048,4076.0247511865155,1264.4742093475795
73,True,False,5770.242921247519,4089.793543261478,1646.3892760542099,5213.978788749885,4093.8112102804344,1268.3727340028777
74,True,False,5768.215850677798,4103.102431752415,1642.7043489935695,5209.106769905043,4112.835269665011,1272.5270114130572
75,True,False,5766.13271111751,4114.351823340778,1639.200136841821,5204.639554011641,4128.373144962308,1275.1766290823648
76,True,False,5763.406038330425,4122.387875168594,1637.2865291456828,5199.2664537720175,4140.777350474672,1277.4477098026978
77,True,False,5760.181417417383,4127.82707512057,1635.7092726236126,5194.174802319771,4151.864061385207,1279.95517899807
78,True,False,5756.56355761562,4135.008842802776,1636.0153105084657,5188.37827046649,4162.936084934207,1282.4369039785129
79,True,False,5752.477866527066,4141.808171685623,1636.9524044565621,5182.073619855752,4173.316428083839,1285.270669390232
80,True,False,5748.762462135828,4146.4066004100005,1635.4049278986415,5177.239026053893,4180.095811525586,1288.454168289643
81,True,False,5745.230784937213,4150.358421375943,1633.7328826395237,5172.504066517795,4186.104873152779,1291.5072779231891
82,True,False,5740.993475437195,4153.780112116123,1631.2964178802051,5167.122336277716,4190.935173061315,1294.7867180780072
83,True,False,5736.8285324791095,4153.095087442179,1627.0098416969972,5162.5584911647575,4190.706304668741,1297.469173419393
84,True,False,5732.980276076093,4161.215334370928,1623.1722276586202,5157.405801988598,4200.190821535849,1298.619249938074
85,True,False,5729.995506196212,4169.599635848028,1619.8285232433768,5152.88204472268,4210.76381791576,1299.1479672437615
86,True,False,5728.069476540105,4178.474376538254,1617.2675209240617,5149.507328760546,4222.66653840071,1299.772834489426
87,True,False,5725.552555253176,4182.150457995987,1616.956748969049,5145.222409816764,4230.695774973798,1301.4443336886159
88,True,False,5723.280938911264,4189.258621350368,1617.4550643785801,5140.6802246530015,4243.781614750347,1305.35416040251
89,True,False,5721.273754506297,4199.701987443818,1617.3208282192352,5136.084624235051,4259.447108039375,1309.576314788048
90,True,False,5716.055028075591,4202.756041802527,1618.357163245339,5128.646626371688,4265.753219491972,1314.8256747456774
91,True,False,5711.575613660869,4203.4766422518405,1616.9235795264797,5123.500437278668,4269.141929325768,1319.3983094051814
92,True,False,5707.210854304911,4205.172387363625,1618.2047858100054,5117.402147030029,4274.845192040618,1324.6850929083234
93,True,False,5702.534523931934,4202.215517759918,1619.1259363245686,5111.65251619744,4274.23893033283,1329.1135395106344
94,True,False,5697.8758588011815,4197.262433883309,1620.280352383817,5106.911273320384,4272.558374786099,1334.0669378996643
95,True,False,5692.984426428533,4192.89315190249,1621.170438806486,5101.951143513979,4271.9545250347755,1338.8745133310797
96,True,False,5692.04596554756,4202.71045180861,1620.4996068618173,5100.620331240381,4286.4398603759455,1340.1436575295813
97,True,False,5689.962834641794,4212.884800718117,1620.0634011303782,5098.706094155185,4303.011620532462,1341.6638888406835
98,True,False,5687.032611250392,4220.322300476851,1619.7325858880881,5095.887809924778,4316.344891518715,1343.5372205484596
99,True,False,5683.921245893937,4229.698651583707,1619.7666044702476,5093.465971178752,4330.705183607413,1345.223662012064
100,True,False,5681.057381654185,4234.296193634175,1620.8620093733903,5091.244333183179,4339.084009151316,1348.731524661301
101,True,False,5677.103748828195,4238.479887023064,1622.4893133691965,5088.240609296907,4347.399083188638,1352.213467760546
102,True,False,5672.189762501476,4242.274416094824,1622.6547649149124,5084.940554856463,4356.14187494957,1354.6586855754465
103,True,False,5667.469568565694,4247.789064197069,1622.841110214471,5082.375697569132,4367.7789924882845,1356.3653638683459
104,True,False,5663.700296516048,4255.5811376698775,1624.1511251176703,5080.829056254336,4381.605065496855,1359.082292611513
105,True,False,5659.468706135284,4262.9042433413515,1625.1713549942774,5078.95341859717,4395.9591582363955,1361.7934355078935
106,True,False,5654.357855735035,4270.645212406857,1626.1714043400011,5076.029103650006,4409.162365416652,1363.801865049655
107,True,False,5648.2105032618965,4273.078425022453,1626.102470272484,5072.391610290752,4415.2408569000045,1365.3949228444885
108,True,False,5641.9634093771,4272.46276315495,1626.399752993296,5068.094770701135,4418.476907968174,1367.257288166223
109,True,False,5636.43536885106,4270.690262101323,1627.754822863475,5065.164240617554,4422.357295615495,1370.427994556039
110,True,False,5630.488720237071,4268.913759848742,1628.8632066672526,5061.423152985928,4425.6404498916245,1373.3978233112343
111,True,False,5623.779616601788,4266.844964489643,1629.5046487501556,5057.336852660506,4429.445663880705,1375.8488476058355
112,True,False,5617.002849710163,4270.335349399779,1629.9300844951247,5053.297214989346,4437.155896814718,1377.9507018457803
113,True,False,5609.715379293155,4276.29988339962,1631.194145645766,5048.707227877535,4446.3012076033465,1379.5551172199878
114,True,False,5602.408551647097,4280.794528500749,1632.3444760053574,5044.350236554755,4453.670897626198,1381.4720068700244
115,True,False,5595.52435233563,4284.653091636579,1634.0979719855377,5040.211752969686,4459.4387453083245,1383.5724236930291
116,True,False,5589.629948544147,4291.122625720369,1634.2163123089872,5037.401017016631,4469.562151692715,1383.892286293129
117,True,False,5583.523290961527,4296.531112630971,1634.6228804565949,5034.10611069525,4480.041019761873,1384.9466138367957
118,True,False,5577.333836206462,4300.925270312621,1636.0596265761087,5030.352665606712,4490.074626087128,1386.9722172610498
119,True,False,5571.340954895111,4304.640364114234,1638.0765097263984,5026.7563097227285,4500.056341223896,1389.8240499107244
120,True,False,5565.593782136935,4309.657374050782,1639.995691841666,5023.1224268225,4509.24798132845,1392.7015356602226
121,True,False,5560.528675792447,4315.320732913613,1641.4210944996514,5020.038349925326,4516.675149209977,1395.1722542942323
122,True,False,5554.868014349524,4321.897797002534,1643.518642556499,5016.637091529679,4524.193428952427,1397.2270424160383
123,True,False,5549.4940709734165,4327.997674286018,1646.1997939293192,5013.2327679837235,4529.318954568844,1399.6222281507594
124,True,False,5544.309538903008,4336.75359209001,1647.7791055511752,5011.113962344664,4536.967821134424,1402.243243686149
125,True,False,5538.445134712604,4344.962750498456,1649.5068531853,5008.252736051354,4545.494982256421,1406.96322660976
126,True,False,5532.420243049948,4353.760629285262,1651.2996940865676,5005.367844222614,4556.569416064952,1411.5741411936153
127,True,False,5525.9123015023415,4362.147389187672,1654.0659104158287,5001.002732448788,4567.697739515472,1417.1470241971722
128,True,False,5520.725140705208,4367.443984777868,1656.2983946781242,4997.950665966579,4575.894317208957,1421.8491160372528
129,True,False,5515.046115117426,4375.576604628908,1658.2614629086645,4993.3169339189835,4583.979825136414,1426.1203606985068
130,True,False,5508.65415018128,4383.416908660636,1660.5044607797415,4987.121993721158,4589.900996037195,1430.5869727194636
131,True,False,5502.327993745092,4391.714399494063,1662.3487550462335,4981.236084730399,4595.315547683682,1434.397645168276
132,True,False,5495.329694169624,4398.367619292687,1665.0692105690316,4974.927386937942,4601.497879392938,1439.63274160092
133,True,False,5487.984975405026,4406.894655409997,1667.404695799393,4968.691937077321,4610.994809075559,1444.7103047581502
134,True,False,5480.332749649377,4416.625105938734,1669.9719701184863,4961.739562222775,4623.315604809192,1449.5276197282856
135,True,False,5473.3482695509165,4428.895491063632,1672.0348106022943,4955.445784323734,4639.0535267800415,1454.317401656776
136,True,False,5466.433999056692,4436.926193399826,1674.527085616103,4949.013087002845,4650.284102270995,1458.7879953802978
137,True,False,5459.537757397486,4443.608869354166,1677.3700397989887,4942.276489123082,4660.661232895642,1462.9399553073501
138,True,False,5450.586847171081,4452.127919931585,1677.9530416466619,4934.525406663133,4671.196963658783,1464.4970559579435
139,True,False,5445.618424096708,4464.710730397865,1679.407889684174,4930.443257432149,4687.048374135439,1466.6513519335638
140,True,False,5437.986217825318,4473.6140092742935,1679.7878585373105,4923.153744791181,4696.291622820653,1466.897595824856
141,True,False,5430.489821508473,4480.1935512987475,1679.1100044702955,4916.234699023231,4703.279867530046,1468.4238300275454
142,True,False,5422.853602907622,4487.276107303824,1678.6094405686636,4909.396032358707,4710.986736416087,1470.0076799396434
143,True,False,5415.41219924974,4495.488768066263,1679.274160699555,4902.484939299836,4719.272884133532,1472.8434155047978
144,True,False,5408.2425481211585,4501.080292027163,1680.7747764914093,4895.134658452291,4725.466929926979,1476.1036210612538
145,True,False,5401.493054988924,4504.412808961677,1682.2543229169005,4887.5194077863325,4729.239435175307,1479.6123351876897
146,True,False,5395.311703240362,4507.963236236292,1683.3385191658235,4879.521810259491,4732.335851362407,1483.154774469413
147,True,False,5388.7547328666,4511.955258427248,1683.9528085215002,4869.883984714368,4733.440613804369,1485.94201099675
148,True,False,5383.084985379707,4516.958243865119,1683.4257934362963,4861.331832974772,4737.585941530451,1485.9521511536964
149,True,False,5378.259389031499,4520.1417361657905,1681.6971469097905,4853.590552431675,4740.949721214411,1486.08007085708
150,True,False,5374.421277312114,4527.441358727114,1679.8554601238004,4847.170401349898,4749.256716972977,1486.1581244205468
151,True,False,5371.028427778871,4533.980855485203,1677.720377721926,4545.933758952136,4689.906937621314,1630.1605592705478
152,True,False,5367.607155927652,4541.8891521397,1675.0031910722603,4560.712697140743,4693.785209202763,1509.0534414935037
153,True,False,5364.312065216372,4549.3406112922,1674.0200585030293,4557.19792885678,4701.519232273063,1507.0247939853489
154,True,False,5360.479296950076,4555.987029728476,1673.10529946936,4535.08592800309,4714.335875922749,1623.0422452518076
155,True,False,5356.557711495511,4561.211907143645,1670.9438508851113,4531.613320727611,4719.348884969515,1619.4389369172138
156,True,False,5352.7781280243935,4566.327697846219,1668.9421114795073,4528.174677079084,4724.324944477629,1616.29821613455
157,False,True,5349.106525689696,4568.439147824668,1667.1251609648523,4525.013245457608,4727.621525507467,1612.7221799628794
158,True,False,5345.951803323738,4569.679094751551,1664.5301077619392,4523.003113459759,4730.060292810201,1609.4556422764656
159,True,False,5342.858303182578,4572.82145898076,1661.6556658231955,4521.382486022263,4733.01212013182,1606.407818237989
160,True,False,5339.7335750687525,4576.206720632436,1658.6780127865509,4519.843676589627,4735.802778535079,1603.6648008631892
161,True,False,5335.124708143399,4576.79954893667,1656.1067830107513,4516.634529833892,4737.801008397801,1601.2496477211396
162,True,False,5330.265334154051,4576.766717550925,1653.1105595810054,4513.305425846432,4739.844456575507,1598.2616866026467
163,True,False,5325.334869884731,4576.630921160757,1649.387611595855,4511.104646870881,4742.636826817858,1594.1763351881045
164,True,False,5321.333759962543,4579.761401920168,1645.762812030665,4509.442377197165,4747.082925606128,1589.4550901932728
165,True,False,5317.920037771922,4586.271607999896,1642.6443927507983,4507.8935228196615,4752.353631436614,1584.7285870128653
166,True,False,5279.187134929475,4423.532802070229,1643.542628293978,4600.02541773667,4870.6077291371985,1590.12845960083
167,True,False,5277.181067661306,4432.261123160191,1643.138446263554,4598.087214042351,4876.522434655038,1586.0382753048423
168,True,False,5275.242478696005,4443.795457832634,1642.564469733786,4596.13140044053,4887.45607179742,1583.3854891378594
169,True,False,5273.1568195057735,4454.294456258351,1642.103793841194,4594.116023144694,4898.087352096879,1581.1681439880786
170,True,False,5271.101428072851,4456.958238421715,1641.973678807349,4591.612876981155,4898.372272605794,1577.0754703990997
171,True,False,5269.044402598185,4457.024774405814,1642.3117357578478,4589.5893935832055,4897.065661847405,1572.9426940786325
172,True,False,5266.91356955613,4454.851500308874,1643.254127509219,4587.26067342814,4891.775367794678,1568.20137840012
173,True,False,5293.261886943276,4607.993473629725,1627.918832454817,4496.7343495329515,4780.830173309416,1563.2543486626514
174,True,False,5290.419042455123,4605.123398705068,1624.620597172277,4495.400791772105,4778.985214613452,1560.511530505468
175,True,False,5287.706439787014,4603.041823188085,1622.173920485913,4493.920586401439,4777.359424930792,1558.5358821485906
176,True,False,5284.958463751462,4601.321093491786,1620.221608232099,4492.445862042844,4775.181037365107,1556.9321843954283
177,True,False,5282.912057398653,4600.505217251572,1617.7676357861058,4491.707443535807,4773.476385137373,1555.4217957006147
178,True,False,5280.659019704148,4598.851256286234,1616.1810992460537,4490.9285392632855,4771.714411741696,1553.7116699985493
179,True,False,5278.557000608684,4596.108638167404,1613.9653639697399,4490.557907508615,4769.358353297596,1551.7312021167097
180,True,False,5276.557427232019,4593.406201551586,1613.4087551393998,4490.40250297855,4767.339435788385,1550.291276490147
181,True,False,5274.594664612069,4591.579155047204,1613.484241680223,4490.172967327163,4765.622739997533,1548.4297202434348
182,True,False,5272.854057105437,4591.382399571297,1613.017303221904,4490.223480500285,4765.366898129036,1546.2515620075528
183,True,False,5271.084910008176,4591.217879749311,1612.7994428828588,4490.385450491746,4764.275349022725,1544.6351316771672
184,True,False,5269.452810511859,4593.507718750303,1612.210260472743,4490.437015421029,4763.915209356859,1542.445659556439
185,True,False,5267.55908999286,4595.543533624203,1612.1459457717158,4490.373250531964,4763.582556572572,1539.5729660317672
186,True,False,5265.51570173057,4597.654823652488,1612.437289844238,4490.085259534524,4762.685822545117,1536.5901698046903
187,True,False,5263.38187407101,4600.157052743816,1611.8129727709268,4489.716635707456,4761.243638955386,1533.534189256023
188,True,False,5261.130474027878,4602.537129346963,1611.4170864935575,4489.320230871332,4759.567433579858,1530.2547601486704
189,True,False,5258.779704246595,4603.902528893302,1611.4289877951003,4489.042837336877,4757.1282308432465,1526.9793691156449
190,True,False,5256.779343022601,4604.064134160722,1612.3674743257675,4488.938029331071,4753.921863569579,1524.4266030210836
191,True,False,5255.0180487308535,4603.667776733278,1613.9316675392868,4488.510561420401,4750.820896381947,1522.7980552722904
192,True,False,5253.82694927581,4607.770754205854,1615.8673211045877,4487.9560408075295,4756.974098097156,1522.50581962
193,True,False,5252.869277881359,4607.029854617569,1618.0853155883628,4488.169318598823,4753.833491798139,1520.5352424472642
194,True,False,5251.903386931202,4603.777521538699,1619.6255812665695,4488.491101230877,4749.639936321644,1518.9346931127743
195,True,False,5251.275157887613,4604.117926451725,1623.2411301763784,4489.278640651671,4746.727870415862,1516.80070701946
196,True,False,5250.690869931406,4605.10282744843,1625.9399167218476,4490.26322848116,4744.287769844869,1514.5323348200234
197,True,False,5250.383398222589,4607.288560697303,1628.3835132864106,4492.085446674221,4744.759078423865,1512.550408528126
198,True,False,5250.360567024764,4607.49941613526,1629.5177559893614,4494.48719817257,4743.426377084342,1510.0104210463187
199,True,False,5249.6024835657445,4605.456979273386,1630.8474378621365,4479.070972232368,4759.442421024696,1632.357151364285
200,True,False,5249.165768990728,4606.9335349166595,1631.2722124158568,4480.228782796105,4759.553785065169,1628.3613583481133
201,True,False,5251.028266278779,4607.623655836348,1637.4243922778173,4481.51965016868,4760.6586311562105,1630.4812161486966
202,True,False,5252.333357312465,4611.004524194783,1642.299614847,4482.467355336119,4763.80656094484,1630.836173242419
203,True,False,5253.7243514348975,4615.572037694802,1646.804037817593,4483.849621757138,4767.376480948023,1630.505264087004
204,True,False,5254.182086900643,4618.153360590555,1651.5285621052437,4484.794505859326,4769.1208526609935,1630.0052128100476
205,True,False,5254.417773439162,4619.123682204265,1656.7003094563959,4485.454634768214,4769.314158886545,1629.6833098271045
206,True,False,5254.615874749166,4622.5695917189005,1661.5991061173277,4486.463125435436,4772.718051250271,1628.7688133048641
207,True,False,5254.5029058038435,4624.534631073525,1666.2100062257782,4487.343626312422,4774.036225513382,1627.4025087208322
208,True,False,5254.265848084032,4626.224745587263,1670.2956271536423,4488.165553017565,4774.658541052175,1625.3791740006739
209,True,False,5253.969862518095,4626.814078951842,1673.9663565615592,4489.119492748649,4774.868874139368,1623.164751158068
210,True,False,5253.682394537194,4625.784938608684,1678.1625972568715,4489.51456434097,4772.988643407073,1620.6099570146073
211,True,False,5253.171866287725,4624.715215650342,1682.0042309485482,4489.7313455711455,4770.952931766763,1617.7892073533465
212,True,False,5252.603390504004,4624.3818239259435,1685.2550077829678,4489.877137051344,4767.986376894682,1615.051030657401
213,True,False,5252.130849478162,4624.155050916946,1687.4619907492356,4490.146206305287,4764.092939861504,1612.2020052374257
214,True,False,5252.270542397722,4625.500148910172,1688.7255728753557,4491.377206699142,4761.75828697317,1609.46879574897
215,True,False,5251.984874284155,4627.589547580601,1689.5523090806098,4492.851510951166,4761.144366075065,1606.7683727895217
216,True,False,5251.781611398703,4629.393899708209,1689.8293434355505,4494.551842575131,4760.62624077241,1603.7885702972835
217,True,False,5250.925156860581,4627.944232111514,1690.8919196576087,4495.903832800393,4758.305357789684,1600.5584068390185
218,True,False,5249.777356644704,4624.345986886587,1694.0796554320964,4497.959716638559,4756.237490566176,1597.4159442611144
219,True,False,5248.279918919184,4620.040845194386,1697.255539528151,4500.188692593558,4754.172376774313,1594.4519192302444
220,True,False,5246.6872434571105,4615.29960183301,1700.6907767009639,4501.759606721629,4750.357241091982,1592.5345115984435
221,True,False,5245.417029691125,4610.965728292701,1704.3592261103804,4503.27823420288,4745.543450767462,1590.5088220826742
222,True,False,5245.097677673066,4609.077007105234,1706.5123076129778,4504.510049497679,4740.5389669217475,1588.7332018703823
223,True,False,5244.854409501053,4607.271583465395,1708.6390601071507,4505.5153662406,4735.510453967215,1587.6945740691722
224,True,False,5245.287527792243,4605.480524997646,1708.8729931648136,4507.12482677565,4728.758342950251,1586.0726623012497
225,True,False,5245.703153817551,4603.5936527741305,1709.2265757763944,4508.747343575421,4722.18523074656,1583.7800652615804
226,True,False,5246.074108447234,4601.253626602915,1709.2620309790443,4510.556008338612,4715.907127826525,1580.4569242213618
227,True,False,5135.790534617556,4635.510147872961,1657.7672983597731,4565.686421045688,4678.0216238542425,1686.4180016536864
228,True,False,5136.318109025961,4631.694688862397,1656.0555036927478,4566.988745067072,4671.557532171614,1685.1124530996103
229,True,False,5136.506821657632,4630.279319562396,1654.0315248091872,4568.204525741425,4665.7788402372935,1682.6998843739923
230,True,False,5244.883332306634,4595.669994264912,1704.6872028640198,4514.95676371359,4686.118006036666,1570.473497695108
231,True,False,5244.7908540875815,4595.84660502491,1703.7953315786738,4544.0530850759715,4647.64993599426,1462.9461432524965
232,True,False,5244.2593113639505,4593.334967077417,1703.152794950889,4543.383232730226,4633.540268568301,1462.5592273487523
233,True,False,5243.467292249955,4589.818000136881,1703.8323724243048,4544.405401759342,4625.198131447505,1463.589340791905
234,True,False,5243.890998533674,4584.617466744027,1703.306858702395,4548.188731624672,4618.466671322488,1461.178821575152
235,True,False,5244.66090280941,4577.688246919601,1703.103742170626,4551.820015373069,4611.953167642061,1459.3769935613436
236,True,False,5246.230878199805,4572.68856819877,1701.6207524589404,4555.98667515496,4606.83409187213,1458.2675584562805
237,True,False,5247.674919151527,4568.380985628802,1700.0426601210788,4559.836950991669,4601.30001741518,1457.0140812604523
238,True,False,5248.711810374383,4563.70614983989,1699.5648943311262,4563.607234471943,4596.375035472246,1455.09206998192
239,True,False,5247.507263272135,4559.660012292068,1700.4311265849979,4564.901873559913,4590.695496362957,1453.8252886962493
240,True,False,5246.213805830271,4557.585439835537,1700.7547291680257,4565.557939638913,4584.987904477551,1452.6071861304106
241,True,False,5245.092466275341,4554.8198181094995,1701.099893040787,4565.974102982968,4578.096798669928,1451.3737901308884
242,True,False,5244.407839840995,4552.0814143972575,1700.8899262563577,4566.901901510609,4569.542352779318,1451.8372828034549
243,True,False,5243.730026195985,4550.236587350746,1699.4645403427548,4568.493367821086,4562.835447095877,1450.94991364276
244,True,False,5244.390941826995,4549.6873435723655,1696.4618001935985,4572.004471540545,4557.479135219309,1449.5453431771068
245,True,False,5245.050254414849,4546.739162897719,1694.8315591568237,4574.841176498586,4549.703511134907,1449.437791877794
246,True,False,5245.409056510354,4541.210285388546,1693.631148804908,4577.176206879591,4540.864522427619,1449.168255900551
247,True,False,5246.135043350996,4533.686476798674,1693.258303520905,4579.496296403298,4529.943436730878,1447.65286234637
248,True,False,5246.758572894769,4525.305863126461,1693.609479643948,4581.07452490824,4518.9683311590425,1446.2800690722217
249,True,False,5245.073975937896,4514.411246575335,1690.3648625103901,4581.658451221484,4501.570956125424,1439.2796353082429
250,True,False,5243.296210579689,4500.27531523989,1689.3139331312723,4581.706146581812,4482.2931450326205,1433.8273883244453
251,True,False,5241.680097945815,4487.648021473006,1688.7752032979563,4582.218970192076,4465.274123078649,1429.138655650725
252,True,False,5240.696956224332,4477.016425171432,1687.6007250587168,4582.767889626725,4448.950116814785,1425.9333226726603
253,True,False,5240.2986705079065,4467.562895964277,1685.4413669703056,4583.618225884414,4432.289596422208,1423.210203142558
254,True,False,5240.5564049195855,4458.866524778941,1683.3238590805545,4583.260847258126,4417.304349820247,1422.353757100042
255,False,True,5241.073253561759,4448.821335483366,1681.2154038429842,4583.0547489635555,4400.771211474839,1422.7784866829286
256,True,False,5242.270547928962,4439.84539060368,1678.9871152566095,4583.451254470438,4384.6895200255,1422.748787166394
257,True,False,5243.81017422959,4431.839961895737,1677.2242090478426,4583.925643774143,4368.912505506805,1422.90326067251
258,True,False,5245.48920509132,4423.4277470476945,1677.0334344905411,4584.349822348056,4354.377608786533,1423.4767466279313
259,True,False,5247.187217295601,4415.368309343901,1677.8095962606276,4584.732720753766,4341.759608800142,1424.2103108884285
260,True,False,5248.957021824868,4407.773387204429,1679.5361101313258,4584.557894741746,4328.1258776040395,1426.2134850309728
261,True,False,5250.900076725998,4401.770965071589,1680.9309533513763,4583.974222702568,4314.269143930582,1429.3967402242574
262,True,False,5253.050608487318,4396.516123478703,1682.282703667933,4583.088952304455,4298.565628434993,1433.8451655026636
263,True,False,5254.739526454845,4389.298307590127,1685.2805967487634,4582.588991473261,4284.37255087836,1438.4583891623763
264,True,False,5255.90610695998,4382.623631868354,1688.787881420975,4581.96153145441,4271.54613800312,1441.9013614555022
265,True,False,5256.648007991897,4373.803645818143,1692.8016640240191,4581.570408736642,4258.3130417906905,1445.1225891970023
266,True,False,5257.877137734153,4367.51322066423,1696.4653461674375,4582.398660031717,4243.5280720339615,1447.2062528882407
267,True,False,5259.368562642919,4361.766642832958,1699.740229567279,4582.751295368721,4230.853503787017,1449.0238792487075
268,True,False,5261.374657934333,4355.928220035399,1702.1327563883199,4583.364763581321,4218.514165388624,1449.3376900522665
269,True,False,5263.131923212962,4352.0384301395625,1702.8884597701704,4584.517868039345,4206.321298010348,1448.9647192923346
270,True,False,5265.267128386648,4349.657726819617,1703.679321901113,4585.517180509889,4195.590294562922,1449.183985483852
271,True,False,5267.082191347809,4348.987658069748,1705.340621821181,4585.830061463825,4189.482276910262,1449.5823232853738
272,True,False,5271.523620471316,4349.809119564454,1711.2166005470615,4587.561484676398,4187.29111247971,1456.7583025604104
273,True,False,5273.002613703759,4344.552957422036,1712.8613880059625,4587.379672826341,4175.969284190585,1459.5825509728709
274,True,False,5275.093194777901,4339.474750066916,1713.6049986433409,4587.472185808063,4164.045509662121,1461.8252108706495
275,True,False,5277.58916796767,4336.687964567664,1714.538917401664,4587.241552460514,4155.5026859995405,1463.1339201784458
276,True,False,5280.069906342744,4333.358751294613,1716.5050386181724,4586.926076886651,4147.936093047367,1463.6822104353816
277,True,False,5283.040179672442,4328.951375393456,1718.422057415477,4587.493874692277,4139.095973371076,1464.461406542732
278,True,False,5285.934113654137,4324.77448125577,1719.9995604168166,4588.437631379096,4129.833723224527,1465.1896679223164
279,True,False,5288.496937952286,4321.888180988832,1721.2422715602147,4589.112002193095,4120.998918726075,1465.9806200750934
280,True,False,5290.878722855394,4314.912096868442,1722.808401120199,4590.417186248349,4109.503370100967,1466.7331893418484
281,True,False,5292.958925959987,4307.850380410326,1724.06505161538,4591.538147893666,4099.376756538571,1468.0834460647634
282,True,False,5294.923508730893,4300.463782120412,1725.1832664008077,4593.254971548667,4089.921325517779,1468.5111948534247
283,True,False,5297.2579843475905,4292.854560144466,1725.8911038810966,4594.936670043235,4079.054372830909,1469.441961323505
284,True,False,5299.778995002309,4285.26163909452,1727.015101968557,4595.649568603804,4066.956128270864,1471.0159308720324
285,True,False,5302.839136016434,4280.297101311727,1726.8442514745213,4596.548425538609,4056.2224796080623,1471.8418372285328
286,True,False,5305.6594405778205,4276.88874400846,1726.3549203531734,4596.9465341567275,4046.0033407564565,1472.8170032671437
287,True,False,5308.3604559753185,4271.151535420175,1726.5941456805504,4597.601760771544,4033.2123789761067,1473.4213323249821
288,True,False,5310.244415252064,4265.9520480117735,1727.7918692218423,4597.95482330807,4022.464695770978,1473.2464226035763
289,True,False,5312.082100713688,4260.8855911081855,1729.4357699368352,4598.631025221893,4013.231310308284,1474.3473494623631
290,True,False,5314.627181343654,4256.6478834634145,1731.1676071121171,4600.271435274327,4005.2527259137028,1475.7097995904878
291,True,False,5317.531009311455,4252.5708806007415,1732.7538672637977,4602.322899422159,3996.9527033320105,1477.7354941188912
292,True,False,5324.767749262885,4255.069676933824,1735.237022903292,4608.977136047823,3996.7345726929398,1481.317597576492
293,True,False,5331.97725033928,4256.905361601637,1737.8371882024621,4615.161350620263,3995.423476311394,1484.0024464776395
294,True,False,5338.840687813202,4257.482323714945,1741.0980001186967,4620.795456022484,3992.0043492852496,1486.9270495486064
295,True,False,5340.860017001411,4249.782795726833,1742.9195422226742,4620.996897462039,3979.790336830972,1487.330713788719
296,True,False,5346.201544981437,4246.89100162445,1746.1121665345286,4624.284338427987,3974.805730460766,1490.62441034152
297,True,False,5346.5549316965835,4237.011518119887,1747.790031397742,4622.905537379706,3962.362310378197,1491.9911021246335
298,True,False,5351.180449139701,4232.381172534124,1750.7915329607943,4625.720030933632,3957.3181800018424,1496.9105654663385
299,True,False,5351.487624281265,4223.132309047894,1751.1127727553808,4624.451426977935,3944.5733084686162,1499.4480338536189
300,True,False,5356.289990883896,4221.306899307475,1753.3632507720126,4627.240478832303,3939.214424997373,1504.0904465483798
301,True,False,5360.185213184873,4216.291171345499,1755.628897951124,4628.651575833937,3928.167007596696,1506.9181165369098
302,True,False,5364.143973155618,4214.629630881411,1758.9372763429578,4631.568850233752,3923.1239688244386,1510.257726771404
303,True,False,5367.037426216237,4207.559977253868,1763.1125512687104,4631.671481338624,3913.987408302375,1512.073093165509
304,True,False,5370.276357576586,4200.646288684603,1767.2365370184064,4631.997987346983,3902.993157685199,1514.0066793180033
305,True,False,5374.052779496199,4199.826426022827,1771.9523146586212,4633.5198748240955,3898.212910571978,1517.1169166781162
306,True,False,5377.494686825323,4199.8334368047035,1775.0565923130482,4634.525425099189,3892.4160192494874,1519.8082229746526
307,True,False,5380.497470899493,4199.101948192983,1776.9122162096508,4635.823775155345,3884.5452089493483,1521.767090425482
308,True,False,5383.026677347715,4193.184954345412,1778.090616742057,4635.926652471115,3874.4251194579574,1523.655744536925
309,True,False,5385.5520858255895,4188.011375444121,1779.5314126966573,4636.385482679452,3866.622288882428,1525.697409237899
310,True,False,5387.844443220966,4181.352184567902,1781.288146149538,4636.881228481777,3856.999841529559,1528.7697262224492
311,True,False,5389.730441925969,4175.574413474669,1782.7187460959594,4637.164408295307,3847.0504432454563,1532.8015175351472
312,True,False,5391.724147398986,4169.492246122264,1784.6257178515375,4637.061147584515,3835.309823447368,1538.0815701082195
313,True,False,5394.050500069892,4163.386109694004,1786.9048681276922,4637.574083384052,3825.3079621720444,1542.3048236004854
314,True,False,5396.1744908141,4157.2978980345615,1789.179335523981,4637.910432047319,3816.513485657322,1545.5924505822236
315,True,False,5398.016486935716,4152.100238208577,1791.4129934419204,4638.256304240569,3809.606134670507,1547.7898036549047
316,True,False,5399.7179937684505,4146.703611070657,1793.397159285014,4638.870380992602,3802.756704735091,1549.813128634935
317,True,False,5401.8902836015695,4142.538880903265,1794.327335331447,4639.846234754346,3796.5615892690107,1551.3719107962052
318,True,False,5404.099920327569,4137.328530753059,1796.6624922689255,4641.279774766176,3790.3439205961417,1553.1731263535114
319,True,False,5406.5382435959755,4131.326249078497,1799.2539038241162,4642.442001585081,3780.936461592953,1555.7819328575968
320,True,False,5408.8522470069365,4125.060738123813,1801.4865080158415,4643.5458314588095,3771.159647263701,1559.2078940828637
321,True,False,5411.0536699644745,4118.520982377681,1804.5332655934112,4644.280791978956,3761.383767703589,1561.9127104242937
322,True,False,5413.150974691754,4113.184436790992,1805.871983288987,4644.708548863434,3751.2126265284533,1564.4463005846512
323,True,False,5414.855404376646,4109.555958987009,1806.012221951311,4644.497277088352,3743.0794047138584,1566.874142279579
324,True,False,5416.304255612671,4104.384069277527,1807.270787976576,4643.825801257971,3734.2649546835837,1569.088551669497
325,True,False,5417.501057549789,4098.732046022044,1808.8317734104373,4642.546698721265,3723.4657896046333,1573.2960830582679
326,False,True,5418.561198886595,4093.785228007119,1811.0858520781403,4641.527216518906,3713.277845877279,1577.7452163270093
327,False,True,5419.467226687623,4086.746890254725,1813.9171791817462,4640.045171352788,3702.4415612795665,1580.8355240104145
328,False,True,5420.501026974385,4079.577997813677,1816.9919398207549,4638.694479180671,3691.2968940353676,1583.6437119595214
329,False,True,5421.301283770375,4072.9560700284346,1820.331726704237,4637.156765749041,3680.7791286162396,1586.1671037704402
330,False,True,5422.323475665396,4066.625682280114,1822.792151165053,4635.07211586113,3667.9086062164297,1588.6035510424233
331,False,True,5423.416262750333,4059.266337842113,1824.4709416838828,4632.914324214485,3654.8765195374303,1592.0174815678954
332,False,True,5424.891806283049,4051.7425051596338,1826.028515115373,4631.33116320945,3641.9660990570815,1595.5692299153825
333,False,True,5426.300037077564,4045.173281032673,1827.3263474009302,4630.230236597314,3631.783005653505,1598.1275561483906
334,False,True,5427.51222173956,4038.0835601654735,1830.130033828788,4629.658381347414,3623.172567561235,1600.754506073022
335,False,True,5428.34738981043,4028.2612790086473,1833.1509056566604,4628.766390676013,3612.668977504839,1603.2134338763897
336,False,True,5429.228615310752,4018.2092219082015,1835.7895059722123,4627.843426642851,3603.6612899800475,1605.3695893907513
337,False,True,5430.247820897871,4009.388463523548,1837.0059034263554,4627.215538279004,3594.285316088666,1607.2784687397607
338,False,True,5431.6997085349385,3999.994665791397,1839.0657135536053,4626.331564702267,3582.2466225851017,1610.6508019857247
339,False,True,5433.062841368924,3989.89540047711,1842.1955373985281,4625.109523300615,3568.9210765565276,1614.3914690544873
340,False,True,5434.547626555703,3980.68058072482,1844.3168056354148,4623.587436374249,3554.902636993164,1617.4840395440463
341,False,True,5435.662583777455,3972.0819817596384,1845.6627685719413,4621.251027628215,3541.3156466502533,1619.2945756943225
342,False,True,5436.843145662486,3964.4379313185623,1846.2688918506942,4618.983282266224,3528.1882666071356,1619.4035594563002
343,False,True,5437.8762627068845,3956.7530671167674,1846.6436800455904,4617.365482913349,3515.724297731051,1620.0007618790069
344,False,True,5438.743844718002,3949.7725139848,1848.1278429467923,4614.747356972654,3502.534568338076,1618.1233091077202
345,True,False,5439.617700233312,3943.4260607410497,1849.3307428008452,4612.200324616923,3490.079980174159,1616.617710131698
346,True,False,5440.420973055421,3936.9846925259276,1850.1877269959568,4608.805370614203,3474.8593160951987,1614.692929658224
347,True,False,5441.268808923086,3927.8938128478485,1852.2322054430435,4605.387787384677,3459.122091576403,1613.627590347496
348,True,False,5442.026705013205,3918.5227490929587,1854.3889940255879,4602.082192523879,3443.316328506078,1613.2169984941456
349,True,False,5442.880876174907,3909.3980228429186,1856.3175401976623,4598.545902806298,3427.783886760744,1612.082896387246
350,True,False,5440.632803352939,3900.561586882069,1855.4790522437547,4594.285393907435,3413.903463932144,1609.0546195953234
351,True,False,5441.642379994114,3892.0457625380795,1857.4691398457558,4592.117477522531,3404.2881898978308,1609.7566584467038
352,True,False,5442.216232751998,3884.952022811113,1858.2504868084247,4589.0938587848905,3393.9194572656143,1610.5106284712688
353,True,False,5442.750705049128,3878.7681409538664,1859.1455803967153,4585.916818163054,3383.9406934565923,1613.0190444115758
354,True,False,5443.547159065777,3874.5196345417985,1861.4846336225444,4583.2544185092365,3376.0505811909256,1617.463557476998
355,True,False,5444.221528749112,3871.0906397615972,1863.395902355757,4580.7347166621485,3370.1118321703416,1622.4970840765375
356,True,False,5444.735059205375,3866.901612291144,1864.84502029969,4578.201750848075,3364.241638073078,1626.769390835886
357,True,False,5444.714386247497,3857.795519192063,1864.6886105486233,4576.017408108261,3352.7673628444563,1630.2628638124756
358,True,False,5445.039314950492,3846.7182564011227,1864.1616176869425,4573.579267227774,3338.4246670136954,1633.5093928281005
359,True,False,5445.245009285309,3840.928684140725,1865.1489288454773,4571.18841340477,3332.645473841116,1636.404165044469
360,True,False,5445.1163350992665,3834.6559572759006,1866.2395746825955,4569.464365022023,3327.0033979951713,1638.6063443108121
361,True,False,5445.071464503282,3828.8161391082967,1866.639429375636,4568.775576032941,3319.896588172388,1641.164960421385
362,True,False,5444.943407075898,3822.177797178192,1867.3931543096412,4567.437214842154,3310.1350864279725,1645.0525652846663
363,True,False,5444.870443319194,3820.3747377693385,1868.57703933435,4566.065267496444,3305.0324601439147,1647.668934146715
364,True,False,5444.639395424351,3817.9841984440595,1869.1796221897453,4564.534341658068,3299.5487491095196,1650.751156574184
365,True,False,5444.381787835427,3814.266415483888,1870.0936446304472,4854.421903917151,3269.712412433531,1522.6143945708136
366,True,False,5442.836230753708,3806.878612866818,1870.1494757343353,4852.58427137416,3259.061794393137,1525.0233416643014
367,True,False,5441.146625900745,3803.3188504580708,1869.450096550087,4850.639138609464,3251.9367477023416,1527.4884545079233
368,True,False,5439.163817719385,3799.389546410444,1866.7735079300505,4848.040064474962,3242.766746421306,1529.17608693792
369,True,False,5436.944520174186,3796.4440238900243,1864.8984595266072,4845.015722628466,3235.3626022066906,1530.7525890938564
370,True,False,5433.495621451213,3788.8178610086898,1862.3554696348751,4841.4163242715995,3222.837316345914,1531.4746326600923
371,True,False,5430.269256138756,3782.3372694891914,1861.6169506386898,4838.140936049449,3213.5370015150843,1531.8522896822392
372,True,False,5428.5139151712,3779.0675632455577,1862.2697940658243,4835.903575296317,3205.411620787357,1532.456120976232
373,True,False,5427.221679356205,3776.350995676162,1865.1542543807777,4833.04118359584,3196.783098054001,1536.1134326610368
374,True,False,5425.753678083549,3771.4109929648666,1866.1242609233777,4830.916491244741,3186.1828016903423,1538.8782064094007
375,True,False,5423.299005251744,3768.6237670501605,1866.8173197343567,4827.277080891906,3178.547319977185,1540.0614077489072
376,True,False,5420.535855616794,3765.133563276299,1870.6319104743066,4821.2813661012315,3169.9845548429594,1543.483124802842
377,True,False,5418.860636251999,3761.3966749835977,1874.6391149492706,4817.073565919496,3162.2902434450116,1546.1870845370058
378,True,False,5417.051124807346,3755.506403518909,1877.157903282535,4813.698399213417,3154.5992262799323,1546.4646451411231
379,True,False,5414.562506913035,3746.554937447088,1878.5567781509121,4810.190508106831,3143.1357528182716,1545.5043792830268
380,True,False,5412.315695293736,3741.0443914919533,1879.7491684422173,4805.9795264751565,3134.3617987301714,1543.6546057058417
381,True,False,5410.9930782122265,3737.7002932780574,1881.0465489469977,4803.130114042369,3128.221868005162,1543.0591026635077
382,True,False,5410.416546549832,3737.253595818299,1883.305663679435,4800.2296895339905,3124.863264833066,1543.0121919435853
383,True,False,5410.286815689705,3734.520901745452,1884.7620206737101,4799.624868815803,3117.9022439615355,1543.283493830832
384,True,False,5409.851793843183,3735.2556048860256,1886.4808543254064,4798.035785873623,3114.4935980266428,1544.1716442758523
385,True,False,5409.3149656496835,3731.450275794056,1888.5718123990748,4796.427843097497,3106.2541832853067,1545.1844843624622
386,True,False,5408.810046995605,3725.9531469195454,1888.9941706461298,4795.721875470902,3098.392951107787,1545.2893152756335
387,True,False,5406.163830574808,3711.462531961331,1885.8280394760077,4796.659879009335,3078.1606630586566,1543.4809366637696
388,True,False,5404.060744515802,3700.1059772732433,1883.3346934600709,4797.762493990897,3064.242000034411,1540.8575449054115
389,True,False,5402.266298312436,3693.371923994006,1881.4266842949182,4798.033004419368,3055.025311066104,1539.1380923743413
390,True,False,5401.572554806419,3689.318431342188,1878.9132599300938,4799.2476799571705,3048.496931985751,1537.873939539615
391,True,False,5401.23433719803,3684.375537642244,1878.7203103908862,4800.099668814307,3041.1885011911777,1536.4952063710712
392,True,False,5401.805897224261,3680.01231721729,1878.228622377268,4802.032141725418,3034.753372149459,1533.7570971931518
393,True,False,5402.68451886659,3674.1690509841414,1875.961200788756,4805.04944971605,3025.1715499501215,1529.082634373312
394,True,False,5403.250328094286,3668.795983528214,1874.7471890088968,4807.425578240268,3015.915547517164,1524.181656012311
395,True,False,5404.199933491129,3664.550124956097,1871.899743754017,4810.528002152774,3008.740655268496,1518.0046106782643
396,True,False,5405.139282660084,3660.7573538731267,1869.588538829143,4812.970613447967,3002.0744578500303,1513.4206904507878
397,True,False,5406.314672044833,3655.611763708667,1867.0494850659804,4815.271357797168,2996.2339415991387,1508.7550545302968
398,True,False,5407.62504954914,3650.937637170241,1863.992148725651,4817.639433577255,2990.5695502457493,1504.654066763751
399,True,False,5408.826796555235,3648.5367603934565,1861.273748708722,4819.585689292058,2987.5900853072785,1500.2166335470451
400,False,True,5410.347485145134,3644.5368356246536,1859.891193970765,4822.033228926457,2984.210938778288,1496.152897920015
401,False,True,5411.680373328543,3642.060480626313,1858.7308644105117,4823.91475078288,2983.95462866778,1491.4233655687003
402,False,True,5412.461937828328,3640.7179748170565,1857.9407955284962,4824.2093739645825,2985.3774344985814,1487.7643876311317
403,False,True,5413.113855328499,3640.512244440005,1857.4416352870078,4823.916717034493,2985.319223428106,1484.2291815889653
404,False,True,5414.103756886443,3643.2045035969154,1855.8901707290916,4824.091097948636,2988.662149446209,1481.1755596953067
405,False,True,5414.828721367989,3643.799008495995,1853.9742367129104,4824.891170112892,2990.6303183983773,1477.7274429934398
406,False,True,5416.095626061606,3643.241818497177,1850.9979683322883,4827.301191434726,2990.515917862059,1472.4251920201418
407,False,True,5417.427237033934,3644.08034526531,1849.5250476766116,4828.946416492129,2991.4647982418137,1469.543904067006
408,False,True,5418.270005561802,3644.823830835105,1849.0949855585363,4829.659474825949,2991.7471805630735,1469.2073053220286
409,False,True,5419.0172890546755,3645.2046748253842,1848.7839183049623,4830.44544001391,2993.003309913012,1468.998297026425
410,False,True,5419.887857374954,3645.2224691737756,1847.8302919627372,4831.522718935969,2994.902701013255,1468.6677385974103
411,True,False,5420.806244650375,3643.068142627705,1847.1438073080585,4832.974558884853,2994.004301350812,1469.903424030189
412,True,False,5421.520647477118,3640.273796673175,1846.29100698437,4834.673283865779,2992.4293119527256,1471.1186201334754
413,True,False,5422.897295251673,3635.2771518296736,1845.8606403353526,4837.384957418389,2987.4373516237306,1471.876093110916
414,True,False,5424.428751031745,3629.3428061821287,1845.1429822592665,4840.736696794626,2981.97735170164,1472.3453645993698
415,True,False,5425.72518890307,3623.633920230175,1844.66886462079,4843.89201522457,2976.3657084465435,1472.0102311064375
416,True,False,5426.846706125395,3618.0630705741605,1844.3226189356014,4847.13608425965,2972.893273475057,1471.1343639631473
417,True,False,5427.991886302587,3613.411664531045,1844.331953790733,4850.044395094907,2971.888478532269,1469.1480769681316
418,True,False,5429.361729782197,3608.160329252331,1843.7496729900813,4853.373785393118,2968.9892360815375,1466.848519374029
419,True,False,5430.55447113643,3603.4625286815526,1843.2675869554107,4856.396499859509,2966.449446663593,1464.6987797270626
420,True,False,5431.748975510938,3599.5495566786167,1842.2256794057637,4859.458062223748,2964.4958987569735,1461.893047654334
421,True,False,5433.141912923927,3593.8445555887506,1840.6647974000493,4863.41678846541,2960.76193141599,1459.1722053529868
422,True,False,5434.457150294713,3591.296134625518,1838.6151710654117,4867.1032197563245,2959.15798348107,1456.573849243216
423,True,False,5435.73148704662,3588.7630270940076,1836.8480638874394,4870.560245040714,2958.4022876738027,1454.6097161692503
424,True,False,5437.144835275397,3586.079869095127,1835.442399368998,4873.870131801815,2958.0996238286184,1451.5574447664983
425,True,False,5438.254119206938,3585.766992761379,1834.1344960198585,4876.296724219073,2961.3259958244116,1447.1210168866414
426,True,False,5439.774878399489,3585.9327644836317,1832.5029873026765,4879.03913224739,2965.383905350268,1442.0517283202269
427,True,False,5441.112692604071,3584.258206083632,1830.0191502638747,4882.3106645761345,2966.827284010749,1436.9215042995233
428,True,False,5442.351444968061,3583.8510497365046,1827.7113005620442,4885.3290921815005,2969.507492980186,1431.7433956287234
429,True,False,5443.306989942715,3583.1471249973524,1825.243435630776,4888.34510046014,2971.336433205409,1426.7985679193227
430,True,False,5444.50428749234,3583.6421555177812,1824.0407780085916,4891.1232640372145,2973.690727119126,1423.755243238079
431,True,False,5445.81576960162,3583.251010826751,1822.9195490573234,4894.904754751281,2977.5489571476382,1419.5066341245147
432,True,False,5446.575786289556,3582.9662547750568,1823.038027766847,4897.003862343998,2981.0856189232813,1417.5067434219432
433,True,False,5447.5659147052465,3580.4942899730013,1822.922560764045,4899.83570888953,2982.500218499546,1415.4037455020136
434,True,False,5448.778724366681,3579.3639662731102,1822.5758731580365,4902.582462352453,2987.047446017301,1412.6634763257248
435,True,False,5450.348113326785,3578.697863775168,1822.0489225788192,4905.609191940812,2992.446736535991,1409.4599154119205
436,True,False,5452.384292920526,3578.459391673954,1820.5434761780102,4908.840167134373,2995.796760983165,1406.7352794795759
437,True,False,5454.393593925811,3578.9921499320326,1819.0748051075304,4912.070792433023,2999.2991963399677,1404.0123888871826
438,True,False,5456.323598974637,3579.571789350734,1818.6117441750007,4914.578297169961,3001.7790186047987,1401.9294594178618
439,True,False,5458.189337531943,3580.194853075165,1818.6070577891264,4916.67063755475,3003.9695557318787,1400.445613434438
440,True,False,5459.847908890482,3581.1209704442604,1818.744815781185,4918.2236902565555,3007.7034921722134,1399.0954289683045
441,True,False,5461.332931855545,3581.450890937882,1819.2227290417609,4919.872502380442,3010.766475292143,1398.097018664172
442,True,False,5462.697477090059,3583.0714920816667,1819.3910599107385,4921.56969859301,3013.961998593938,1397.17249375537
443,True,False,5464.061754127201,3585.4414844523317,1819.329034545217,4923.7051661420455,3018.8801511717056,1395.6905707896974
444,True,False,5465.329638015921,3586.922137593769,1818.6300924797076,4926.626977845614,3023.447086645936,1393.553054463204
445,True,False,5466.034311433462,3589.359604313756,1818.0843598038875,4928.840434594237,3030.7053033722286,1391.5682272789186
446,True,False,5466.7143021953625,3589.216316556358,1816.9954225809317,4932.040071628518,3035.86168284231,1389.1306023826755
447,True,False,5467.425169486336,3587.3279180312907,1815.5460922870102,4935.689644419709,3039.0995168363233,1386.965165865485
448,True,False,5467.580677926433,3584.815871424784,1814.6185660911287,4938.842511946051,3042.68382600956,1385.3140863054136
449,True,False,5467.075051010646,3584.2738123886857,1812.8562338067702,4941.619301044354,3048.632881821972,1383.7500258000541
450,True,False,5467.03210864405,3585.004054412977,1810.7910976807452,4944.885357628212,3056.301377159639,1380.911624031854
451,True,False,5467.261499133173,3582.8231188441814,1809.622226469006,4948.607346413957,3061.615478296724,1377.922335888603
452,True,False,5472.913320875195,3588.36791391936,1806.1264275681556,4962.363674035889,3076.689818935999,1375.5654868162678
453,True,False,5478.072655933191,3594.5663489423596,1803.0852284602345,4974.605473601268,3091.0682636828656,1373.5512083151527
454,True,False,5478.108547494844,3591.754499894397,1802.6447412322184,4975.957238775115,3093.364114535716,1371.0903936428463
455,True,False,5482.8526823886805,3595.834470485054,1799.8335164476143,4987.548590864228,3103.656667492854,1369.6060559507405
456,True,False,5487.091436740899,3597.4313065143274,1797.3847621921518,4998.370829714861,3111.5827145990843,1367.9752839804914
457,True,False,5490.881702991954,3596.818317571676,1794.8094823266965,5008.458619787911,3115.7783747022377,1366.8919396564452
458,True,False,5494.746092397092,3598.5895132061924,1791.2626850265217,5017.742381780143,3122.272400060821,1365.1346265689504
459,True,False,5498.288623766905,3598.0601627268925,1787.8105294760899,5026.425465963352,3126.360639670378,1364.096175841541
460,True,False,5501.476080159565,3595.59742563018,1784.5834705389657,5034.485069969282,3128.498359416656,1363.4169667363235
461,True,False,5504.480554942955,3592.6789373813212,1781.459015023524,5042.148898291531,3129.676969241472,1362.1399615319497
462,True,False,5507.051443599887,3592.531228729057,1778.8158634125164,5048.704258308997,3133.376701534902,1360.8643574521507
463,True,False,5509.293051418061,3591.8452161921914,1776.7940190955082,5054.600888182811,3135.304897927039,1360.7909657384448
464,True,False,5510.876373238337,3591.9196341296256,1775.617460932675,5058.987060502233,3137.297537473741,1361.4241247731345
465,True,False,5512.328544658996,3591.739902321391,1774.9726924668514,5062.97569698893,3139.488599227204,1361.5003825539973
466,True,False,5513.619249903989,3591.636953039152,1773.1065590079634,5066.90077880234,3140.531049052566,1360.8261657841529
467,True,False,5514.311323709615,3592.937598838996,1771.1430168662305,5069.843592594184,3144.7898141992314,1359.6801644456705
468,True,False,5514.581690322377,3592.464690185932,1769.184375320329,5072.385997738384,3147.2150091029926,1358.5874587013527
469,True,False,5514.630995653766,3589.9513712516477,1767.737950032963,5074.695831661349,3148.0166731362424,1357.4549702756588
470,True,False,5514.718980655731,3590.698085546337,1765.923377866283,5076.68825848699,3152.666446587284,1356.0422844586349
471,True,False,5514.614067122392,3589.9546095583646,1764.0509829477137,5078.715279388777,3157.9836966986886,1354.651516681115
472,True,False,5514.144917358219,3590.9684147384105,1761.7751033655113,5080.264168503802,3163.989768908905,1353.4908044822055
473,True,False,5513.59467869369,3590.943127883852,1759.75679185997,5081.590663259625,3168.6705412187816,1352.753942514019
474,True,False,5512.877833611523,3589.5293923646154,1757.4516049084364,5083.123901528758,3172.0965950977165,1351.0663641963524
475,True,False,5512.05857941409,3588.900813926346,1755.0804950800284,5084.268647944418,3175.683335418351,1349.6118804174919
476,True,False,5511.560042826267,3589.878185786253,1753.1051124744863,5085.300792325579,3180.544344365491,1348.3956634776093
477,True,False,5510.74663460953,3592.054994780198,1751.4512547580805,5085.983049261162,3187.2698383476213,1348.2669529923362
478,True,False,5510.0984901378015,3593.869376784409,1750.913586077084,5086.335683175881,3192.3374492273106,1349.586673491814
479,True,False,5510.075341742445,3596.9712848332265,1750.520927319947,5087.08169949434,3199.447295787086,1350.5732322733948
480,True,False,5504.309211230233,3594.752043885933,1754.4611455873696,5076.331787461548,3200.4532868182,1352.8268056209827
481,True,False,5499.545431683375,3592.863893531481,1758.4235518713333,5066.852146235505,3201.7126055536482,1354.7100426036538
482,True,False,5495.339499433103,3591.4510578290488,1762.1590118654276,5058.232926361242,3203.500904080234,1356.9324660209172
483,False,True,5491.53355286266,3587.275558317017,1766.4156586098093,5050.213059645974,3202.8326815783203,1360.3918088317478
484,False,True,5488.494933057389,3582.125232441732,1770.6813421051618,5043.253185713636,3201.23238132873,1364.1702049104626
485,False,True,5485.981861256256,3578.543570851428,1772.9629283706206,5037.278829133388,3201.845380842361,1366.8698991829465
486,False,True,5483.980751784982,3576.388389169747,1774.8121564368369,5032.014759680974,3203.563895913303,1369.141671049214
487,False,True,5482.341539291466,3575.2678809666622,1776.951684769442,5027.099565128619,3205.6259612122167,1372.3477680626065
488,False,True,5480.942938148736,3572.7890470001757,1778.6836005862865,5023.144564109057,3205.186120457741,1375.32379141498
489,False,True,5480.036226083968,3570.0311055150205,1780.046098168786,5020.033682185995,3204.5321774363956,1377.1030411286645
490,False,True,5478.836124291546,3568.595486086883,1780.8838715948114,5016.868042053515,3205.39067212773,1378.8825971255417
491,False,True,5477.687872465855,3564.058934129656,1781.268536138629,5014.344087989577,3201.021932571266,1381.0892673177852
492,False,True,5477.237253926513,3561.64067053145,1780.8046732412142,5012.598621642943,3197.3417449639196,1383.035890180708
493,False,True,5476.183605041865,3559.858393969482,1781.3732666248566,5009.744243611842,3194.555753139294,1384.9707374923755
494,False,True,5475.078121855104,3562.7812279537493,1783.361826726073,5005.829878410898,3196.8085482246956,1388.0517895564185
495,False,True,5473.822397121553,3563.935759756576,1784.945389639257,5001.950810440083,3197.66811835034,1390.5891820430277
496,False,True,5472.730390007473,3563.8789553040674,1784.9890891838531,4998.798014967726,3197.674679678923,1392.6227260371832
497,False,True,5471.444527144426,3563.6838506418753,1785.3519235747801,4995.550900719289,3198.0006847366817,1394.4831568438349
498,False,True,5470.197784187243,3565.880249933155,1786.2642797763656,4991.54723259431,3199.1432201384764,1397.866066217423
499,False,True,5469.347954568553,3564.0754935174655,1786.9628758703116,4988.345664917796,3195.7930279640823,1400.2458662377662
500,True,False,5468.4166848717705,3564.094994810757,1787.436030794174,4984.871612265766,3194.996237606014,1403.294738245212
501,True,False,5467.400966553068,3562.375916113361,1787.5790844309454,4981.802172030415,3191.8666238855863,1405.8299262745427
502,True,False,5466.448707225385,3559.015405433848,1787.278792823683,4979.568142581035,3186.7276021781604,1407.687508883681
503,True,False,5465.209072552547,3555.5120282574585,1787.8718583794118,4976.628007249801,3179.210047088055,1410.9789926309159
504,True,False,5470.242044476183,3555.8387503749645,1782.0153124410808,4986.408814332214,3175.990528134571,1412.7593354560825
505,True,False,5468.529275199147,3553.106549564701,1782.7298841979368,4982.197022517723,3167.333352624083,1414.9233596789727
506,True,False,5466.86349188713,3549.950403918664,1783.444349244094,4978.257731950961,3159.018229421962,1415.4725877297503
507,True,False,5465.063912719146,3546.125900645574,1785.151362351958,4973.908717478585,3150.6729858288136,1416.404379364279
508,True,False,5463.136876922597,3543.048575453995,1788.057102163849,4968.536838290578,3142.4960744647533,1418.4966351309918
509,True,False,5461.363179787177,3537.776979875331,1790.4513186636345,4963.823363233096,3134.4198060546105,1420.0177529572304
510,True,False,5465.725206695774,3537.9890489523664,1785.2490220780958,4971.853370907987,3133.1709578292002,1420.9222916495464
511,True,False,5469.176569976988,3539.482500169841,1779.3187079372224,4978.0267074538015,3132.4216650217286,1421.8848754278577
512,True,False,5472.3746288507,3538.2710025228057,1773.8934828947865,4984.290767568048,3129.678903427895,1420.7150488016252
513,True,False,5474.311168552484,3539.4817473719677,1769.4204050193234,4988.195917963433,3130.1139978557353,1420.0725040709738
514,True,False,5475.786111275569,3540.99644937938,1765.2297735725474,4991.315545271739,3130.8702781787792,1418.177148069302
515,True,False,5476.987127593044,3542.83009906945,1761.1330261585676,4994.1892577836425,3131.599936166392,1415.9092094263274
516,True,False,5477.881171880017,3543.824313774107,1756.8997600967493,4996.42470774942,3129.391748918391,1413.690343701986
517,True,False,5477.8352849355115,3543.9324151191868,1754.8386843284316,4996.786189626666,3124.956379767751,1414.262255351098
518,True,False,5476.895223454792,3542.6162131768806,1754.7128237780103,4995.282424427167,3117.663586097402,1415.304382394471
519,True,False,5475.274881526633,3540.971581538883,1754.9619988599563,4993.528446470014,3112.2877368426034,1415.7009365973572
520,True,False,5473.255441928648,3540.204877777036,1756.4034772179289,4990.746741409263,3108.652627373675,1415.8996194811784
521,True,False,5470.721967837782,3535.0223889171684,1757.4853045235202,4987.65603553106,3100.997279231931,1416.4121524358281
522,True,False,5468.044916935896,3530.0862288866642,1758.6582517748327,4983.767946502428,3094.1263317710755,1415.4162072320642
523,True,False,5465.543217562591,3524.7026303722473,1760.5486266624425,4980.436407176016,3088.047753305181,1416.7434448936797
524,True,False,5462.715706615035,3520.438477435956,1763.4296361024499,4976.228158185058,3082.1917832675867,1419.5366517081563
525,True,False,5459.914190639527,3512.712350600644,1766.3835239126831,4972.216529547276,3070.773918628497,1423.4100823296865
526,True,False,5456.1868269836605,3504.222001165931,1770.8241741966654,4966.759246669874,3058.2157037435736,1428.364525654032
527,True,False,5452.726770888914,3495.9443037833757,1775.274674391131,4961.303066109433,3045.75668989763,1432.0313874433382
528,True,False,5449.09300193344,3487.7253791498842,1778.9118395186204,4955.639506713247,3031.9084488854655,1436.0568737537185
529,True,False,5444.930986319961,3474.020197134323,1781.7147740693333,4950.819898665156,3014.1238679064754,1438.6028431805532
530,True,False,5440.927018904769,3466.2494534110497,1785.3469236245705,4945.362227039593,3003.7399604208226,1441.8136804134363
531,True,False,5436.549849300003,3458.7529440523235,1789.786618931513,4938.708402859076,2993.7990287385446,1446.1181115949819
532,True,False,5427.630916924102,3444.430224100056,1796.6667528186922,4922.171526801691,2973.853316090678,1446.719992841438
533,True,False,5419.2980058261055,3428.2174102377294,1802.3839723909564,4907.227941696604,2951.5581438934096,1448.2431587189706
534,True,False,5411.309829790783,3416.4413089886025,1808.0589200952338,4892.3147987152815,2934.75289156908,1450.9148093593576
535,True,False,5403.677115755825,3407.5156818242976,1813.6502165446486,4877.372777819676,2921.5018140635043,1454.196805489492
536,True,False,5396.582092494066,3392.0172601846666,1817.9669113538177,4864.874831541348,2902.4983624355136,1456.723232694512
537,True,False,5389.977091406181,3380.1701880865235,1822.4663409548714,4852.735900048783,2887.807060439928,1459.3529958848667
538,True,False,5384.2044892536815,3372.0910696898923,1826.477197305562,4840.8172830752155,2874.0584387558056,1464.1663877076476
539,True,False,5377.997580162179,3363.621967053908,1830.9126386745072,4828.463447987198,2858.1808558349835,1470.730370511151
540,True,False,5373.019984094868,3358.9100756929356,1834.8447022509458,4818.439936953777,2846.338902234179,1476.0870989080397
541,True,False,5369.132860160755,3350.981131056929,1836.7867275428478,4810.693047628798,2830.093249849212,1480.2064343457325
542,True,False,5363.505899271922,3340.970126514464,1841.4425942870378,4799.300996025407,2815.915430745313,1483.6636511239926
543,True,False,5360.408705401234,3340.7713183973924,1844.12821017698,4790.7415787757,2806.463304995262,1487.2989865534062
544,True,False,5359.557084246145,3346.6840640899873,1846.5533153827023,4783.962009427776,2806.8466247521824,1490.228322042183
545,True,False,5357.515956207777,3345.559407439369,1851.644877288941,4775.326854231911,2798.282297617653,1498.772814272434
546,True,False,5355.340772807598,3339.202850581148,1856.8910922175467,4768.360205060216,2787.235547284392,1504.4228333470405
547,True,False,5353.374012130305,3331.9304495929914,1861.2157936417916,4761.924538426546,2777.7653271766985,1509.5168014138694
548,True,False,5351.562621805495,3327.6574007743184,1864.3169374135316,4755.85297589387,2771.7325611445185,1514.3985998527128
549,True,False,5349.704584114842,3326.1517642547224,1867.5586926142219,4750.603109118081,2770.057859651649,1518.4245975948704
550,True,False,5348.242755033215,3321.4517868819357,1869.083039694687,4746.544075942052,2764.654398081494,1521.8145593313097
551,True,False,5347.192434026464,3321.040363957208,1871.2212606636924,4742.403478609011,2762.7421624406916,1524.957434107319
552,True,False,5346.632377979489,3317.6136291930825,1871.7378357273785,4739.457351504903,2755.9111310827766,1526.6294102106153
553,True,False,5346.396055121879,3316.2996574368785,1873.2335717757385,4737.000372903311,2752.9854918095966,1528.7019876316856
554,True,False,5346.501979469884,3312.742361312281,1873.7914236296729,4736.17180828833,2746.9523768160293,1528.7307306160205
555,True,False,5346.647343740997,3309.2489855531408,1874.5535027574522,4736.035381809503,2743.6031553184553,1527.4380666361885
556,True,False,5346.544874768208,3309.743119240241,1876.178679160207,4735.50568485331,2745.9141030551414,1526.2424644637338
557,True,False,5346.556775643777,3312.356450609769,1876.8605819982818,4735.215793617707,2749.244314262968,1524.6656089289602
558,True,False,5347.0923558752,3316.306977339495,1876.6835979734883,4735.912412977139,2753.563050680687,1522.8514066836874
559,True,False,5347.418566109454,3322.803470456095,1876.4656844564663,4735.981355492116,2759.932092259286,1521.5347112233862
560,True,False,5346.981375499294,3324.701264376656,1876.583589762365,4736.295034815084,2763.565794910572,1520.7496982474781
561,True,False,5346.8145851887275,3323.425433794523,1875.4019305245379,4737.438741298381,2763.8283636885003,1519.1871827822183
562,True,False,5346.429547874181,3320.816121054226,1873.952371607842,4739.306924747565,2763.7331566167513,1516.6498200500223
563,True,False,5345.9596383102225,3316.4485111646477,1871.9089049293605,4741.338496443037,2760.4273252215694,1514.389590895521
564,True,False,5344.73183437898,3312.682666077223,1870.7474592215226,4742.3775034298105,2757.9603015511066,1512.4433622421643
565,True,False,5343.908798875449,3308.4853939187788,1870.124889639857,4743.7005914554065,2755.6789759402996,1509.802433942486
566,False,True,5340.7026770937355,3300.2223325425307,1871.0862728584004,4742.662613665939,2749.7123472101475,1507.806068262374
567,False,True,5338.017731592488,3292.404384886716,1871.538566164476,4742.383115047246,2743.862449380927,1505.7049249324286
568,False,True,5335.966037153647,3285.283146386571,1873.0669267460191,4742.707087893648,2739.9615759099115,1503.909967761209
569,False,True,5334.940381189423,3281.522923827658,1873.5684543048883,4743.482230366257,2736.4380011839157,1502.4486826232571
570,False,True,5336.984933133095,3284.4003977641564,1870.9807806770018,4747.23956053212,2738.577037167228,1499.7156278568095
571,False,True,5338.80432581356,3285.47791975802,1868.2214055923457,4751.239735104299,2739.604083057929,1496.4251072162465
572,False,True,5340.391352211693,3285.1139009595913,1866.0578324826572,4755.267131792252,2738.222417012431,1493.4600624703241
573,False,True,5342.399792911173,3284.7005043912636,1863.1821611068776,4759.394271281994,2735.4616368489087,1490.4396550574897
574,False,True,5341.39948715396,3279.3009650212857,1862.2732262090358,4760.659231422807,2728.7340541032027,1487.8700660052057
575,False,True,5340.667446717907,3274.789355712669,1861.240283686385,4762.123948643735,2722.926209455707,1485.2251576446492
576,False,True,5340.603736874888,3270.850350637071,1859.9356866757087,4764.143367931287,2717.7143814987767,1481.8272043851373
577,True,False,5341.466580600526,3268.0037744736055,1858.813533343995,4766.229551978336,2711.810213147318,1479.450918235149
578,True,False,5346.076584992437,3269.3853182860234,1855.828469692334,4771.143923708473,2709.0867955378394,1475.6527205344626
579,True,False,5350.678004265675,3271.0307233445333,1853.0048662034746,4775.858352427199,2705.466496783778,1472.7994877521119
580,True,False,5352.540376253174,3266.398766736279,1853.098692604619,4778.636652690643,2697.8031706660486,1470.9763596252571
581,True,False,5354.494814165187,3261.471374731604,1853.5746943185345,4781.6613576975415,2688.673291612749,1469.7265766177723
582,True,False,5357.18003843922,3257.5170467785165,1853.673677064305,4785.63848360492,2680.2587419868823,1468.9130532359306
583,False,True,5362.943641921394,3257.887893131368,1851.3181847768997,4792.474438049682,2676.4916086299745,1466.3494958013732
584,False,True,5368.629741285391,3257.50630606771,1849.279492515469,4799.342223937027,2672.4744406443924,1464.411223915044
585,False,True,5373.902949320758,3257.822712141538,1847.6283601626378,4806.327781095324,2671.2670122766012,1461.9755901158708
586,False,True,5378.700439392542,3256.8636886992545,1845.3643822523336,4813.343215730927,2669.8579123974405,1459.2894105878943
587,False,True,5383.323685634145,3254.785962229147,1843.089937382593,4819.942902717589,2667.410039921747,1456.539168212342
588,False,True,5387.701150928948,3253.7142477966404,1841.6456587536645,4826.042487875227,2665.897678014939,1454.1040966852179
589,False,True,5391.87691765014,3252.8692407424996,1840.855710476506,4831.670940457539,2664.09397503628,1452.0509889006462
590,False,True,5395.805312690849,3250.5955559221347,1840.1912338649138,4838.17141917406,2664.021394641257,1449.0623347765552
591,False,True,5399.6164686790025,3248.036954525031,1839.9924555729115,4844.24374796294,2663.793674471142,1446.3811167091967
592,False,True,5402.884255378473,3246.702570434903,1839.8154278275251,4849.735605301826,2663.6358693931343,1444.5290980111379
593,False,True,5406.285333740889,3245.989519905515,1840.405248365109,4855.4465113645565,2663.8532843778926,1443.5229817791978
594,False,True,5409.773793763681,3243.16743534171,1840.4496208865353,4861.31223128328,2661.2664004866892,1441.652495405589
595,False,True,5412.878983483861,3240.717319678553,1841.2441283247579,4866.730114819458,2660.920669455954,1439.4807393231679
596,False,True,5415.788001746387,3237.9317535675737,1841.9348104645258,4872.0761565268685,2658.9582846408225,1438.8106845985512
597,False,True,5418.702403129743,3234.732381026024,1841.9972073588608,4877.532469967971,2656.7192325932187,1437.553158660632
598,False,True,5421.440986383199,3232.754395067486,1842.229440342467,4882.8625722475535,2656.229562595537,1436.6887326555657
599,False,True,5423.467970622807,3231.7610835163264,1842.8156221867896,4887.171677627259,2659.539477255305,1435.1853866534568
600,False,True,5425.4670517613295,3232.1930267069856,1843.7030852317869,4891.263680132872,2665.308640308957,1432.95090578803
601,False,True,5427.987142856565,3231.603946426196,1843.747801970018,4896.79039733424,2670.846926391801,1429.0363835371593
602,True,False,5430.8347867732655,3233.7114707810383,1843.3785156745303,4902.661777046745,2678.238135100616,1425.1605429764052
603,True,False,5433.663483286284,3232.803314212007,1843.0067370363547,4909.441234354625,2684.1418204908123,1420.9379510475687
604,True,False,5436.543609070541,3234.7642256141944,1842.5246197114654,4915.90229954168,2692.744134684117,1417.5320563661999
605,True,False,5439.6233691034595,3236.00258966196,1841.5091565260213,4922.7242014902895,2699.9784706484165,1414.3778706238788
606,True,False,5443.067058769184,3240.046077439917,1840.4846920826094,4929.93374245859,2709.2123320292208,1411.9742440496366
607,True,False,5446.640048816627,3241.542174761095,1839.4795049805948,4937.439659488963,2715.873176925104,1409.861767185035
608,True,False,5450.132200432751,3243.993868450012,1838.230325215552,4945.14960474052,2723.5864822400163,1407.442419344913
609,True,False,5452.833306406626,3244.3887038216353,1837.329977374267,4951.567193838468,2728.0518135052225,1405.55111800235
610,True,False,5456.060503494271,3245.5301479487744,1837.4192310312733,4957.823299684902,2734.183847291725,1403.0089147687572
611,True,False,5459.456767222497,3244.986486225781,1837.5294468795328,4964.483219287188,2739.445622560368,1400.3588916450285
612,True,False,5463.405529918828,3243.5518672721764,1837.5071054889086,4971.754220698715,2744.3101399517664,1397.4216931879484
613,True,False,5467.99776379542,3243.621410958132,1837.6469917930294,4979.655265386124,2750.822041545371,1394.805393626845
614,True,False,5644.536662792582,3400.218752313118,1802.4707090500206,4890.526393198959,2664.9845950116114,1385.2485099746389
615,True,False,5648.022415885375,3398.487610898384,1802.6435937357076,4897.71212593447,2667.01565833188,1382.8652374908709
616,True,False,5651.379678475483,3396.8147073096243,1802.955632026615,4904.244585433428,2669.1248760237763,1380.9881543569606
617,True,False,5654.5855629322505,3396.584239128479,1803.5708905654371,4909.945473429787,2672.22317934441,1380.329659294628
618,True,False,5657.733093551842,3397.3826541585713,1803.6221018831197,4915.866229663972,2676.8465277206947,1379.2991286220442
619,True,False,5661.514821204666,3399.5041879111554,1803.8659184303676,4921.762726172519,2683.7038509199697,1377.829536019759
620,True,False,5665.424370622016,3406.5042632605114,1803.8691531521483,4927.176753861028,2695.108936586296,1377.910655778666
621,True,False,5669.051007987207,3408.502621048697,1803.8446035106415,4933.443106357117,2698.4013838942255,1376.2401562707644
622,True,False,5498.848355815023,3241.2352493311446,1841.9496194479489,5040.84888799207,2791.2679874466708,1372.9115257998246
623,True,False,5503.002994029411,3240.737929504515,1842.0801366784312,5047.534596264533,2795.542277532066,1370.6304795628175
624,True,False,5507.185169785326,3241.706437412163,1841.9758931598117,5054.060744861635,2800.2968644972634,1369.2609360207503
625,True,False,5512.042017058657,3242.4325511843062,1842.0032991875682,5060.738264710027,2807.218372646479,1367.8739955184355
626,True,False,5517.107940279229,3246.3566067865504,1840.6544051479057,5067.999936128106,2817.171199328005,1363.9841762381775
627,True,False,5522.494738496078,3246.648689066052,1839.9583728832731,5075.309919693096,2822.454907770261,1361.9673546894041
628,True,False,5527.7178254246255,3253.1200083920694,1837.9834368380143,5082.82229756308,2832.8341279730384,1360.040303769309
629,True,False,5532.654041508886,3260.3489985837687,1835.362374753632,5090.341564004002,2844.274161527315,1357.8797391583694
630,True,False,5537.312134784997,3271.572111217345,1833.5769195735033,5096.538234568042,2858.47869759592,1358.054311367934
631,True,False,5541.418347887618,3279.3669494479095,1831.125139742792,5102.966863657752,2868.689101269044,1358.0389105021882
632,True,False,5545.472478742842,3285.7643952118437,1828.6739990136634,5109.704862618537,2880.5540975874114,1356.519674595966
633,True,False,5549.642408542755,3289.9186792373694,1826.5129740553427,5116.646023775129,2892.3087652748154,1353.360825850041
634,True,False,5553.972838515945,3295.945651971124,1823.4680193850872,5123.2738683310145,2903.5721841570353,1352.09499274885
635,True,False,5558.863161695779,3299.4913226158337,1821.7461369195112,5129.809381550017,2909.8182022615447,1352.075939929219
636,True,False,5563.554025793952,3303.376695548154,1818.9190256583133,5136.367814726367,2914.712141048044,1352.02877802477
637,True,False,5568.605971225115,3303.019340901067,1816.6371350869144,5143.517753589827,2917.2539989587394,1351.3999456454203
638,True,False,5573.902548486393,3304.7854180355835,1814.750835010473,5150.324338131211,2924.0831587121697,1350.3720162064187
639,True,False,5579.052796197696,3306.727012156788,1812.3816548970722,5156.998227289191,2932.444868673749,1347.866444509584
640,True,False,5584.217614763096,3305.3209971626266,1810.4271898035117,5163.79034992878,2937.6771025144085,1345.3410725962015
641,True,False,5588.882004471419,3302.504414780923,1809.3633255785328,5169.956062659253,2943.602817712514,1342.1033681583167
642,True,False,5593.576571893612,3301.8634756019756,1808.870505562154,5176.061842418165,2951.894777770319,1339.183511117584
643,True,False,5598.576050267531,3299.6667855772566,1808.4985826269324,5182.107140381949,2957.9510152256953,1336.5470899548295
644,True,False,5607.0250112274825,3305.458161882708,1801.658346214487,5196.802889232929,2977.0222070632362,1331.3181458119273
645,True,False,5614.7490159097715,3312.83350714217,1795.3669258515624,5209.983699722894,2997.9435399253025,1325.9309836096609
646,True,False,5622.235509098263,3315.3781571097984,1788.5466217739208,5223.194621498519,3012.782213780415,1319.93800172071
647,True,False,5629.814434610787,3314.7291283773216,1782.1255207726535,5236.160046072634,3021.903523569494,1313.4785810599333
648,True,False,5636.966381830684,3315.0650581904665,1777.294154941758,5247.956381664162,3032.329948833871,1308.0653131931429
649,True,False,5643.963037467119,3311.9832231429514,1773.4433859807345,5259.046190983083,3040.304860381741,1303.8707187705043
650,True,False,5650.75362910795,3312.4367892735027,1769.3114647331436,5269.170431715912,3049.334519317292,1300.0286896349803
651,True,False,5657.166385251236,3312.7791683703995,1766.189076256792,5277.888199137165,3057.753677393591,1296.9952102010789
652,True,False,5663.279091619644,3310.2509729955505,1762.9536527392672,5285.852208462504,3062.7922636915264,1295.0645699375893
653,True,False,5668.737406166837,3311.2889106784305,1760.0640467827884,5292.474024290563,3070.5215152768324,1293.3752485071973
654,True,False,5673.410546783038,3313.03595425969,1758.8485870141892,5298.333497247354,3079.1572730632492,1292.8109487081033
655,True,False,5677.334004442076,3316.851977397091,1758.6184614416532,5303.425127936759,3092.566167312891,1292.8933178916527
656,True,False,5682.5227903348705,3320.5964821338443,1772.0951361745938,5297.21078333896,3100.7839496805564,1298.6330029570963
657,True,False,5701.297364161053,3314.916027064393,1763.1080296673215,5313.741699936022,3095.0261780848823,1283.9262787835942
658,True,False,5717.820512352356,3311.6049943287317,1753.9683363816632,5328.9638255739865,3092.4752021579116,1270.9544334484776
659,True,False,5731.620863260675,3310.3589150782586,1747.4575207845598,5341.592943129777,3092.743133540168,1261.2341047977866
660,True,False,5743.758168372258,3315.7290162770523,1740.5202631656066,5352.165207474108,3100.460526705459,1253.685221932311
661,True,False,5754.772141266558,3325.90581324454,1733.3559452770137,5361.707694322408,3112.8711718555064,1247.965307006591
662,True,False,5763.014814075829,3335.564699800623,1729.9152382402167,5368.094743577979,3127.1274405348718,1244.3928284472847
663,True,False,5759.196172818036,3350.396969820876,1731.7113918251507,5363.769293830013,3152.79594878853,1253.72359099463
664,True,False,5756.036546043035,3358.1430854017417,1733.2405385825818,5360.693176256876,3170.6140622965154,1261.5499510035556
665,True,False,5752.116072245879,3361.182582940065,1737.0390060937266,5356.659956463838,3184.470558786198,1268.9856088552147
666,True,False,5749.009693229009,3367.3377253796343,1740.1024884635785,5353.343285841652,3201.808277732746,1274.3160462037536
667,True,False,5746.529450272529,3380.016111238084,1741.3178949271855,5350.343634642962,3225.6609457351988,1279.2751654808612
668,True,False,5744.62150714551,3386.721058219509,1741.8389921071182,5348.670139317998,3243.424239094741,1281.8703860654143
669,True,False,5743.34886300108,3387.571515572402,1742.712145981266,5347.736366766922,3254.4436999668296,1284.618948953776
670,True,False,5743.060707755632,3388.9782120427917,1744.570390798567,5346.813488493901,3264.9813148041335,1288.854972142784
671,True,False,5742.327094871798,3396.4394984520686,1747.2710761802991,5344.619038417841,3282.957388729393,1292.2413258034157
672,True,False,5741.891100727085,3402.206863984454,1748.422586685414,5342.922072606743,3296.472537608458,1293.2463429892268
673,True,False,5741.562780485138,3405.69311074467,1749.757722682722,5341.277914752524,3305.5836554854636,1295.3277256725717
674,True,False,5742.07525170855,3415.005246686025,1749.5038483647543,5340.253196319563,3318.0297485312803,1298.5392169097504
675,True,False,5742.920011679165,3425.306359613366,1749.9074330975811,5338.555302116331,3331.275225750326,1302.8520248314267
676,True,False,5743.254860101106,3432.476980250275,1751.974830949231,5337.369039218242,3344.465458483065,1308.4751184188028
677,True,False,5744.437749076127,3440.2287397031287,1751.6085338502817,5337.29584407899,3357.889916943186,1314.9722134811582
678,True,False,5746.011817652068,3446.409741302923,1750.9269162706237,5337.959185427931,3368.4041913485826,1322.0841615964218
679,True,False,5700.143935296887,3396.3335637589116,1654.7030406557817,5352.067323324286,3446.095421928294,1408.3039442765166
680,True,False,5701.382097237844,3402.215980279676,1654.928740083703,5354.427606788069,3459.1343016189476,1417.1162831775966
681,True,False,5703.587966903189,3407.1082806792842,1655.3829220868327,5356.926541482173,3475.123645080586,1424.748126516721
682,True,False,5705.115500499244,3410.9422153787846,1657.000914360689,5358.936070056834,3488.7179809034724,1432.8420571553643
683,True,False,5760.351630354088,3474.705746491367,1760.6591902666453,5337.180945353848,3425.264585583999,1369.122385076672
684,True,False,5765.121735105471,3477.762380948131,1771.39120734171,5331.126384751064,3433.6586262177434,1382.4105694766197
685,True,False,5769.772335035619,3481.0379698948645,1780.3164840368638,5703.246851490152,3436.5372869438565,1663.902568839109
686,True,False,5774.021883852756,3482.217771408699,1786.594631653445,5699.510813456456,3444.1279445418254,1670.9145903134522
687,False,True,5777.546583623062,3481.395252855519,1792.283767631446,5322.044621271894,3456.5890350692,1406.9685418673694
688,False,True,5779.618588983062,3483.911218774356,1797.2959059734926,5320.885951243982,3463.946524293846,1412.0402424619892
689,False,True,5645.103801165819,3336.869551425221,1812.5055243160134,5434.522531136005,3657.441199093239,1357.3944696914116
690,False,True,5645.937484371385,3338.5867690286905,1817.801818880822,5434.900957053562,3669.7851505076856,1361.4736523923698
691,False,True,5779.754047233597,3478.146449195376,1826.1308732088496,5435.952176012562,3685.958887216473,1365.4623198262195
692,False,True,5782.788184578372,3486.1778305892185,1827.7117541464372,5438.5384754006445,3703.0511444401136,1369.046603273089
693,False,True,5786.3368019781865,3494.0742870384665,1827.1387121569835,5441.546317742133,3719.73858963697,1371.734541377347
694,False,True,5788.97910147384,3499.786553166413,1827.7660636539172,5445.199618622112,3738.228923711609,1373.3437420786713
695,False,True,5791.608925981875,3506.9663216409826,1828.6486024800784,5448.49235237428,3756.040055528359,1375.1987682796937
696,False,True,5794.404531295257,3517.835081666788,1827.269120015982,5451.782683167527,3774.8643036122166,1376.7837271449976
697,False,True,5797.146934502262,3529.428048273128,1825.2011273430912,5454.801596076188,3793.5938728476303,1377.391660679376
698,False,True,5800.225075597924,3543.1390596942933,1822.4132021713508,5457.94357049434,3810.3038246730157,1378.4537660320937
699,False,True,5803.626727076962,3558.310227178282,1819.433477020229,5461.686755648497,3829.92999942351,1380.1077569865956
700,False,True,5806.834996969282,3570.605341833415,1817.8285106728822,5465.7373602266125,3848.383489893212,1381.6415051709544
701,False,True,5810.091847932641,3580.889726945473,1816.004961081632,5469.622650152824,3863.457219263731,1384.6486171032268
702,False,True,5813.6718149534745,3590.862529646992,1814.222679729101,5473.393071967557,3878.249014933917,1387.1265410215033
703,False,True,5817.5235276348485,3600.1143697242237,1812.4170263278193,5477.167709445753,3893.4467741417775,1388.8731746913688
704,True,False,5820.924271526574,3608.9206907934067,1810.7320277334504,5480.637304878373,3907.377882114678,1390.1085630410605
705,True,False,5684.627013256286,3466.803183428303,1819.7044135089977,5483.956787556885,3923.0092676674612,1391.2415939435039
706,True,False,5686.7851477195445,3475.419262984606,1820.195414226578,5487.334288801152,3937.0582460959986,1393.5678662417845
707,True,False,5689.342739382101,3487.445789244855,1819.9411961090213,5491.086984492338,3952.8399339321654,1394.4473464950192
708,True,False,5691.876361422603,3499.5679563017516,1820.4122173620688,5495.105947175885,3968.972359796598,1395.5932105969398
709,True,False,5693.956462959501,3511.639280891432,1821.4604695751177,5499.073229766367,3984.909211672036,1396.662938880567
710,True,False,5695.8743847967735,3523.7175195281457,1822.5643711292482,5502.612796740838,4000.3720305281977,1398.3565775571878
711,True,False,5697.4130020535,3532.8968788772963,1824.7348094095908,5506.256790937337,4016.573439143627,1399.5575359237173
712,True,False,5698.744774994985,3542.491870394591,1826.2655755126868,5509.107010570788,4031.069123471417,1400.012149312773
713,True,False,5700.1933017248875,3552.602628648039,1827.991876429099,5511.318023738983,4043.8557450547214,1401.671033885162
714,True,False,5701.663954649269,3563.52624346634,1829.9324483115897,5513.512664904727,4054.402890434812,1404.3062673259242
715,True,False,5845.44642351607,3732.2675382959555,1815.9309070285083,5515.558619562993,4065.0863141735044,1408.1189264746206
716,True,False,5846.253363859522,3745.687951402656,1819.761609242742,5518.106905200793,4080.186264187565,1412.5028440872074
717,True,False,5846.308800841,3757.494479990017,1824.5223662207827,5518.322234829594,4089.7344394493152,1416.2377163863612
718,True,False,5845.988554619993,3764.2886174858895,1829.5503749314933,5519.080036718293,4096.9174948716,1421.0806462980293
719,True,False,5845.278075836455,3767.616062066628,1834.4570224107465,5519.288153175443,4100.748368593209,1427.9365482301212
720,True,False,5844.564201985231,3769.2392109132343,1838.7842556889427,5519.938180186986,4104.175316278417,1434.6615796360015
721,True,False,5844.020531565564,3774.028748747883,1842.8878316956295,5520.844737906651,4110.082450836862,1440.8025821857732
722,True,False,5843.661582793011,3780.121952941644,1846.7640917798683,5521.629290624434,4116.760660455318,1449.7043742135377
723,False,True,5840.635957202341,3788.2008423441052,1837.9778973235873,5526.694481500155,4135.918574267819,1443.318299645028
724,True,False,5837.8845937395,3796.533507838766,1831.5964387107317,5530.932019164454,4155.475344092982,1439.398675281335
725,True,False,5835.136901579988,3805.90726703533,1826.7861089969088,5534.502951448646,4176.488808525289,1434.9581272207695
726,True,False,5835.713788898869,3813.3616579547006,1835.3949451615415,5535.020424701677,4190.189273639967,1439.6853298207463
727,True,False,5836.584778853155,3821.581197044845,1844.0518223492722,5535.792006266913,4205.586457935211,1442.8663847189812
728,True,False,5835.186021788492,3825.941553995131,1839.2503240925266,5539.563212400786,4220.07300823223,1434.9077098840219
729,True,False,5703.909141550285,3678.705141732948,1843.5482444017753,5542.615475770959,4233.45368197122,1430.1392081908236
730,True,False,5702.881720803614,3685.9290425836093,1841.4874919126041,5546.355386154391,4251.257525245836,1426.4755056286376
731,True,False,5702.402554985125,3698.6092748348647,1839.2896199809084,5549.580661320564,4270.295866564006,1425.8454052460347
732,True,False,5831.6838897728885,3870.067046071244,1826.1875390239043,5552.514307700035,4294.03035027338,1425.6115381714112
733,True,False,5828.462020404782,3902.0378525895126,1824.8739585779708,5553.067386596496,4333.594193055555,1423.6162703153293
734,True,False,5824.935902415682,3926.2038229726577,1823.690925822563,5552.138501895529,4362.608695646794,1422.5790142815795
735,True,False,5825.156792898523,3933.6057026452336,1826.104075934822,5554.389276040845,4374.749035606853,1422.299096097019
736,True,False,5825.493229038011,3936.5816309580177,1831.5660052286562,5555.09904718184,4383.611820839781,1426.3756483426014
737,True,False,5825.826434057762,3939.05903372311,1836.7927779263896,5555.487552058264,4389.6131268428535,1433.8637939986431
738,True,False,5826.1432591913035,3936.8963588288157,1840.94197217289,5555.687675705236,4388.65160352617,1439.2583343734577
739,True,False,5826.217581024782,3935.9166315906705,1845.6948321263287,5555.355939209814,4389.843788728939,1443.7110759020366
740,True,False,5826.5286110467005,3941.560309350024,1849.3534158454136,5555.594954465523,4397.153817711501,1447.3055130270907
741,True,False,5826.231416485949,3944.585566639644,1851.8804405949886,5556.431123477647,4400.822960657492,1449.2018854101923
742,True,False,5825.532816515354,3950.4165444839987,1855.614150184174,5556.826258473965,4408.546826266566,1451.2201149172704
743,True,False,5823.898191232674,3959.273119191178,1859.5314371228774,5556.419383867737,4419.330542094452,1454.2254114115262
744,True,False,5821.734609172218,3967.3681000071183,1863.7764210400815,5555.150586588829,4428.861734493189,1457.4617546136064
745,True,False,5819.088069381741,3972.055541450104,1868.7078176759758,5553.940318966519,4438.62969400745,1460.0671575004992
746,True,False,5816.509893301152,3978.763279242908,1874.1904808476102,5552.18093961175,4449.400882093487,1462.785593726296
747,True,False,5814.083932499694,3990.4854459763546,1879.2971857246107,5550.912230822302,4465.532602248311,1466.2404792511177
748,True,False,5811.454430004013,4004.2842976263396,1885.9986116070681,5549.868078631136,4486.777502435258,1470.3480421179108
749,True,False,5809.109899115099,4014.2182709717345,1891.5052864530521,5549.325406903831,4502.863402507476,1472.0724772159538
